config,tests_pass,luts,ffs,brams,dsps,carry_cells,fmax_mhz,logic_levels,lc_used,lc_total,lc_percent,ram_used,ram_total,ram_percent,dsp_used,dsp_total,dsp_percent,io_used,io_total,io_percent,pll_used,pll_total,pll_percent,gb_used,gb_total,gb_percent,barrel_shifter,enable_mul,enable_div,enable_counters,enable_compressed,enable_irqtwo_stage_shift,two_cycle_compare,two_cycle_alu,enable_regs_dualport,enable_counters64,catch_misalign,catch_illinsn,latched_mem_rdata,use_clk_divider,enable_irq_qregs,cache_module,enable_fast_mul
enable_mul_enable_div_011000000000000_icache_multiword_lookahead,1,0,0,0,0,0,0,0,0,0,0,0,0,0,0,0,0,0,0,0,0,0,0,0,0,0,0,1,1,0,0,0,0,0,0,0,0,0,0,0,0,icache_multiword_lookahead,0
enable_mul_enable_div_enable_irq_qregs_011000000000001_icache_multiword_lookahead,1,0,0,0,0,0,0,0,0,0,0,0,0,0,0,0,0,0,0,0,0,0,0,0,0,0,0,1,1,0,0,0,0,0,0,0,0,0,0,0,1,icache_multiword_lookahead,0
enable_mul_enable_div_catch_illinsn_011000000001000_icache_multiword_lookahead,1,0,0,0,0,0,0,0,0,0,0,0,0,0,0,0,0,0,0,0,0,0,0,0,0,0,0,1,1,0,0,0,0,0,0,0,0,1,0,0,0,icache_multiword_lookahead,0
enable_mul_enable_div_catch_illinsn_enable_irq_qregs_011000000001001_icache_multiword_lookahead,1,0,0,0,0,0,0,0,0,0,0,0,0,0,0,0,0,0,0,0,0,0,0,0,0,0,0,1,1,0,0,0,0,0,0,0,0,1,0,0,1,icache_multiword_lookahead,0
enable_mul_enable_div_catch_misalign_011000000010000_icache_multiword_lookahead,1,0,0,0,0,0,0,0,0,0,0,0,0,0,0,0,0,0,0,0,0,0,0,0,0,0,0,1,1,0,0,0,0,0,0,0,1,0,0,0,0,icache_multiword_lookahead,0
enable_mul_enable_div_catch_misalign_enable_irq_qregs_011000000010001_icache_multiword_lookahead,1,0,0,0,0,0,0,0,0,0,0,0,0,0,0,0,0,0,0,0,0,0,0,0,0,0,0,1,1,0,0,0,0,0,0,0,1,0,0,0,1,icache_multiword_lookahead,0
enable_mul_enable_div_catch_misalign_catch_illinsn_011000000011000_icache_multiword_lookahead,1,0,0,0,0,0,0,0,0,0,0,0,0,0,0,0,0,0,0,0,0,0,0,0,0,0,0,1,1,0,0,0,0,0,0,0,1,1,0,0,0,icache_multiword_lookahead,0
enable_mul_enable_div_catch_misalign_catch_illinsn_enable_irq_qregs_011000000011001_icache_multiword_lookahead,1,0,0,0,0,0,0,0,0,0,0,0,0,0,0,0,0,0,0,0,0,0,0,0,0,0,0,1,1,0,0,0,0,0,0,0,1,1,0,0,1,icache_multiword_lookahead,0
enable_mul_enable_div_enable_regs_dualport_011000001000000_icache_multiword_lookahead,1,4063,4821,756,0,718,16.61,16,4812,5280,91,22,30,73,0,8,0,24,96,25,1,1,100,8,8,100,0,1,1,0,0,0,0,0,1,0,0,0,0,0,0,icache_multiword_lookahead,0
enable_mul_enable_div_enable_regs_dualport_enable_irq_qregs_011000001000001_icache_multiword_lookahead,1,4129,4823,4,0,699,15.8,17,4857,5280,91,22,30,73,0,8,0,24,96,25,1,1,100,8,8,100,0,1,1,0,0,0,0,0,1,0,0,0,0,0,1,icache_multiword_lookahead,0
enable_mul_enable_div_enable_regs_dualport_catch_illinsn_011000001001000_icache_multiword_lookahead,1,4059,4838,352,0,720,15.16,17,4807,5280,91,22,30,73,0,8,0,24,96,25,1,1,100,8,8,100,0,1,1,0,0,0,0,0,1,0,0,1,0,0,0,icache_multiword_lookahead,0
enable_mul_enable_div_enable_regs_dualport_catch_illinsn_enable_irq_qregs_011000001001001_icache_multiword_lookahead,1,4081,4834,4,0,720,15.01,16,4831,5280,91,22,30,73,0,8,0,24,96,25,1,1,100,8,8,100,0,1,1,0,0,0,0,0,1,0,0,1,0,0,1,icache_multiword_lookahead,0
enable_mul_enable_div_enable_regs_dualport_catch_misalign_011000001010000_icache_multiword_lookahead,1,4128,4859,4,0,670,15.65,17,4850,5280,91,22,30,73,0,8,0,24,96,25,1,1,100,8,8,100,0,1,1,0,0,0,0,0,1,0,1,0,0,0,0,icache_multiword_lookahead,0
enable_mul_enable_div_enable_regs_dualport_catch_misalign_enable_irq_qregs_011000001010001_icache_multiword_lookahead,1,4177,5179,22,0,700,15.65,16,4904,5280,92,22,30,73,0,8,0,24,96,25,1,1,100,8,8,100,0,1,1,0,0,0,0,0,1,0,1,0,0,0,1,icache_multiword_lookahead,0
enable_mul_enable_div_enable_regs_dualport_catch_misalign_catch_illinsn_011000001011000_icache_multiword_lookahead,1,4159,4832,44,0,703,15.62,17,4888,5280,92,22,30,73,0,8,0,24,96,25,1,1,100,8,8,100,0,1,1,0,0,0,0,0,1,0,1,1,0,0,0,icache_multiword_lookahead,0
enable_mul_enable_div_enable_regs_dualport_catch_misalign_catch_illinsn_enable_irq_qregs_011000001011001_icache_multiword_lookahead,1,4244,5190,4,0,672,15.14,17,4970,5280,94,22,30,73,0,8,0,24,96,25,1,1,100,8,8,100,0,1,1,0,0,0,0,0,1,0,1,1,0,0,1,icache_multiword_lookahead,0
enable_mul_enable_div_two_cycle_alu_011000010000000_icache_multiword_lookahead,1,0,0,0,0,0,0,0,0,0,0,0,0,0,0,0,0,0,0,0,0,0,0,0,0,0,0,1,1,0,0,0,0,1,0,0,0,0,0,0,0,icache_multiword_lookahead,0
enable_mul_enable_div_two_cycle_alu_enable_irq_qregs_011000010000001_icache_multiword_lookahead,1,0,0,0,0,0,0,0,0,0,0,0,0,0,0,0,0,0,0,0,0,0,0,0,0,0,0,1,1,0,0,0,0,1,0,0,0,0,0,0,1,icache_multiword_lookahead,0
enable_mul_enable_div_two_cycle_alu_catch_illinsn_011000010001000_icache_multiword_lookahead,1,0,0,0,0,0,0,0,0,0,0,0,0,0,0,0,0,0,0,0,0,0,0,0,0,0,0,1,1,0,0,0,0,1,0,0,0,1,0,0,0,icache_multiword_lookahead,0
enable_mul_enable_div_two_cycle_alu_catch_illinsn_enable_irq_qregs_011000010001001_icache_multiword_lookahead,1,0,0,0,0,0,0,0,0,0,0,0,0,0,0,0,0,0,0,0,0,0,0,0,0,0,0,1,1,0,0,0,0,1,0,0,0,1,0,0,1,icache_multiword_lookahead,0
enable_mul_enable_div_two_cycle_alu_catch_misalign_011000010010000_icache_multiword_lookahead,1,0,0,0,0,0,0,0,0,0,0,0,0,0,0,0,0,0,0,0,0,0,0,0,0,0,0,1,1,0,0,0,0,1,0,0,1,0,0,0,0,icache_multiword_lookahead,0
enable_mul_enable_div_two_cycle_alu_catch_misalign_enable_irq_qregs_011000010010001_icache_multiword_lookahead,1,0,0,0,0,0,0,0,0,0,0,0,0,0,0,0,0,0,0,0,0,0,0,0,0,0,0,1,1,0,0,0,0,1,0,0,1,0,0,0,1,icache_multiword_lookahead,0
enable_mul_enable_div_two_cycle_alu_catch_misalign_catch_illinsn_011000010011000_icache_multiword_lookahead,1,0,0,0,0,0,0,0,0,0,0,0,0,0,0,0,0,0,0,0,0,0,0,0,0,0,0,1,1,0,0,0,0,1,0,0,1,1,0,0,0,icache_multiword_lookahead,0
enable_mul_enable_div_two_cycle_alu_catch_misalign_catch_illinsn_enable_irq_qregs_011000010011001_icache_multiword_lookahead,1,0,0,0,0,0,0,0,0,0,0,0,0,0,0,0,0,0,0,0,0,0,0,0,0,0,0,1,1,0,0,0,0,1,0,0,1,1,0,0,1,icache_multiword_lookahead,0
enable_mul_enable_div_two_cycle_alu_enable_regs_dualport_011000011000000_icache_multiword_lookahead,1,4167,4900,756,0,719,16.42,16,4916,5280,93,22,30,73,0,8,0,24,96,25,1,1,100,8,8,100,0,1,1,0,0,0,0,1,1,0,0,0,0,0,0,icache_multiword_lookahead,0
enable_mul_enable_div_two_cycle_alu_enable_regs_dualport_enable_irq_qregs_011000011000001_icache_multiword_lookahead,1,4058,6611,352,0,718,17.53,16,4809,5280,91,22,30,73,0,8,0,24,96,25,1,1,100,8,8,100,0,1,1,0,0,0,0,1,1,0,0,0,0,0,1,icache_multiword_lookahead,0
enable_mul_enable_div_two_cycle_alu_enable_regs_dualport_catch_illinsn_011000011001000_icache_multiword_lookahead,1,4157,4895,242,0,720,16.44,15,4905,5280,92,22,30,73,0,8,0,24,96,25,1,1,100,8,8,100,0,1,1,0,0,0,0,1,1,0,0,1,0,0,0,icache_multiword_lookahead,0
enable_mul_enable_div_two_cycle_alu_enable_regs_dualport_catch_illinsn_enable_irq_qregs_011000011001001_icache_multiword_lookahead,1,4118,5660,1064,0,700,16.27,16,4845,5280,91,22,30,73,0,8,0,24,96,25,1,1,100,8,8,100,0,1,1,0,0,0,0,1,1,0,0,1,0,0,1,icache_multiword_lookahead,0
enable_mul_enable_div_two_cycle_alu_enable_regs_dualport_catch_misalign_011000011010000_icache_multiword_lookahead,1,4111,4910,4,0,700,16.26,16,4838,5280,91,22,30,73,0,8,0,24,96,25,1,1,100,8,8,100,0,1,1,0,0,0,0,1,1,0,1,0,0,0,0,icache_multiword_lookahead,0
enable_mul_enable_div_two_cycle_alu_enable_regs_dualport_catch_misalign_enable_irq_qregs_011000011010001_icache_multiword_lookahead,1,4122,5252,4,0,701,15.03,18,4850,5280,91,22,30,73,0,8,0,24,96,25,1,1,100,8,8,100,0,1,1,0,0,0,0,1,1,0,1,0,0,0,1,icache_multiword_lookahead,0
enable_mul_enable_div_two_cycle_alu_enable_regs_dualport_catch_misalign_catch_illinsn_011000011011000_icache_multiword_lookahead,1,4229,4905,352,0,703,15.91,17,4957,5280,93,22,30,73,0,8,0,24,96,25,1,1,100,8,8,100,0,1,1,0,0,0,0,1,1,0,1,1,0,0,0,icache_multiword_lookahead,0
enable_mul_enable_div_two_cycle_alu_enable_regs_dualport_catch_misalign_catch_illinsn_enable_irq_qregs_011000011011001_icache_multiword_lookahead,1,4217,4917,352,0,703,15.59,18,4947,5280,93,22,30,73,0,8,0,24,96,25,1,1,100,8,8,100,0,1,1,0,0,0,0,1,1,0,1,1,0,0,1,icache_multiword_lookahead,0
enable_mul_enable_div_two_cycle_compare_011000100000000_icache_multiword_lookahead,1,0,0,0,0,0,0,0,0,0,0,0,0,0,0,0,0,0,0,0,0,0,0,0,0,0,0,1,1,0,0,0,1,0,0,0,0,0,0,0,0,icache_multiword_lookahead,0
enable_mul_enable_div_two_cycle_compare_enable_irq_qregs_011000100000001_icache_multiword_lookahead,1,0,0,0,0,0,0,0,0,0,0,0,0,0,0,0,0,0,0,0,0,0,0,0,0,0,0,1,1,0,0,0,1,0,0,0,0,0,0,0,1,icache_multiword_lookahead,0
enable_mul_enable_div_two_cycle_compare_catch_illinsn_011000100001000_icache_multiword_lookahead,1,0,0,0,0,0,0,0,0,0,0,0,0,0,0,0,0,0,0,0,0,0,0,0,0,0,0,1,1,0,0,0,1,0,0,0,0,1,0,0,0,icache_multiword_lookahead,0
enable_mul_enable_div_two_cycle_compare_catch_illinsn_enable_irq_qregs_011000100001001_icache_multiword_lookahead,1,0,0,0,0,0,0,0,0,0,0,0,0,0,0,0,0,0,0,0,0,0,0,0,0,0,0,1,1,0,0,0,1,0,0,0,0,1,0,0,1,icache_multiword_lookahead,0
enable_mul_enable_div_two_cycle_compare_catch_misalign_011000100010000_icache_multiword_lookahead,1,0,0,0,0,0,0,0,0,0,0,0,0,0,0,0,0,0,0,0,0,0,0,0,0,0,0,1,1,0,0,0,1,0,0,0,1,0,0,0,0,icache_multiword_lookahead,0
enable_mul_enable_div_two_cycle_compare_catch_misalign_enable_irq_qregs_011000100010001_icache_multiword_lookahead,1,0,0,0,0,0,0,0,0,0,0,0,0,0,0,0,0,0,0,0,0,0,0,0,0,0,0,1,1,0,0,0,1,0,0,0,1,0,0,0,1,icache_multiword_lookahead,0
enable_mul_enable_div_two_cycle_compare_catch_misalign_catch_illinsn_011000100011000_icache_multiword_lookahead,1,0,0,0,0,0,0,0,0,0,0,0,0,0,0,0,0,0,0,0,0,0,0,0,0,0,0,1,1,0,0,0,1,0,0,0,1,1,0,0,0,icache_multiword_lookahead,0
enable_mul_enable_div_two_cycle_compare_catch_misalign_catch_illinsn_enable_irq_qregs_011000100011001_icache_multiword_lookahead,1,0,0,0,0,0,0,0,0,0,0,0,0,0,0,0,0,0,0,0,0,0,0,0,0,0,0,1,1,0,0,0,1,0,0,0,1,1,0,0,1,icache_multiword_lookahead,0
enable_mul_enable_div_two_cycle_compare_enable_regs_dualport_011000101000000_icache_multiword_lookahead,1,4140,5566,22,0,718,17.12,15,4894,5280,92,22,30,73,0,8,0,24,96,25,1,1,100,8,8,100,0,1,1,0,0,0,1,0,1,0,0,0,0,0,0,icache_multiword_lookahead,0
enable_mul_enable_div_two_cycle_compare_enable_regs_dualport_enable_irq_qregs_011000101000001_icache_multiword_lookahead,1,4163,6509,242,0,719,15.85,16,4912,5280,93,22,30,73,0,8,0,24,96,25,1,1,100,8,8,100,0,1,1,0,0,0,1,0,1,0,0,0,0,0,1,icache_multiword_lookahead,0
enable_mul_enable_div_two_cycle_compare_enable_regs_dualport_catch_illinsn_011000101001000_icache_multiword_lookahead,1,4100,4843,352,0,700,16.01,17,4830,5280,91,22,30,73,0,8,0,24,96,25,1,1,100,8,8,100,0,1,1,0,0,0,1,0,1,0,0,1,0,0,0,icache_multiword_lookahead,0
enable_mul_enable_div_two_cycle_compare_enable_regs_dualport_catch_illinsn_enable_irq_qregs_011000101001001_icache_multiword_lookahead,1,4100,5592,352,0,700,16.04,16,4826,5280,91,22,30,73,0,8,0,24,96,25,1,1,100,8,8,100,0,1,1,0,0,0,1,0,1,0,0,1,0,0,1,icache_multiword_lookahead,0
enable_mul_enable_div_two_cycle_compare_enable_regs_dualport_catch_misalign_011000101010000_icache_multiword_lookahead,1,4137,4842,4,0,721,16.53,16,4890,5280,92,22,30,73,0,8,0,24,96,25,1,1,100,8,8,100,0,1,1,0,0,0,1,0,1,0,1,0,0,0,0,icache_multiword_lookahead,0
enable_mul_enable_div_two_cycle_compare_enable_regs_dualport_catch_misalign_enable_irq_qregs_011000101010001_icache_multiword_lookahead,1,4152,4838,44,0,701,16.66,17,4884,5280,92,22,30,73,0,8,0,24,96,25,1,1,100,8,8,100,0,1,1,0,0,0,1,0,1,0,1,0,0,0,1,icache_multiword_lookahead,0
enable_mul_enable_div_two_cycle_compare_enable_regs_dualport_catch_misalign_catch_illinsn_011000101011000_icache_multiword_lookahead,1,4157,5183,4,0,691,15.39,16,4906,5280,92,22,30,73,0,8,0,24,96,25,1,1,100,8,8,100,0,1,1,0,0,0,1,0,1,0,1,1,0,0,0,icache_multiword_lookahead,0
enable_mul_enable_div_two_cycle_compare_enable_regs_dualport_catch_misalign_catch_illinsn_enable_irq_qregs_011000101011001_icache_multiword_lookahead,1,4171,5195,4,0,671,15.75,17,4894,5280,92,22,30,73,0,8,0,24,96,25,1,1,100,8,8,100,0,1,1,0,0,0,1,0,1,0,1,1,0,0,1,icache_multiword_lookahead,0
enable_mul_enable_div_two_cycle_compare_two_cycle_alu_011000110000000_icache_multiword_lookahead,1,0,0,0,0,0,0,0,0,0,0,0,0,0,0,0,0,0,0,0,0,0,0,0,0,0,0,1,1,0,0,0,1,1,0,0,0,0,0,0,0,icache_multiword_lookahead,0
enable_mul_enable_div_two_cycle_compare_two_cycle_alu_enable_irq_qregs_011000110000001_icache_multiword_lookahead,1,0,0,0,0,0,0,0,0,0,0,0,0,0,0,0,0,0,0,0,0,0,0,0,0,0,0,1,1,0,0,0,1,1,0,0,0,0,0,0,1,icache_multiword_lookahead,0
enable_mul_enable_div_two_cycle_compare_two_cycle_alu_catch_illinsn_011000110001000_icache_multiword_lookahead,1,0,0,0,0,0,0,0,0,0,0,0,0,0,0,0,0,0,0,0,0,0,0,0,0,0,0,1,1,0,0,0,1,1,0,0,0,1,0,0,0,icache_multiword_lookahead,0
enable_mul_enable_div_two_cycle_compare_two_cycle_alu_catch_illinsn_enable_irq_qregs_011000110001001_icache_multiword_lookahead,1,0,0,0,0,0,0,0,0,0,0,0,0,0,0,0,0,0,0,0,0,0,0,0,0,0,0,1,1,0,0,0,1,1,0,0,0,1,0,0,1,icache_multiword_lookahead,0
enable_mul_enable_div_two_cycle_compare_two_cycle_alu_catch_misalign_011000110010000_icache_multiword_lookahead,1,0,0,0,0,0,0,0,0,0,0,0,0,0,0,0,0,0,0,0,0,0,0,0,0,0,0,1,1,0,0,0,1,1,0,0,1,0,0,0,0,icache_multiword_lookahead,0
enable_mul_enable_div_two_cycle_compare_two_cycle_alu_catch_misalign_enable_irq_qregs_011000110010001_icache_multiword_lookahead,1,0,0,0,0,0,0,0,0,0,0,0,0,0,0,0,0,0,0,0,0,0,0,0,0,0,0,1,1,0,0,0,1,1,0,0,1,0,0,0,1,icache_multiword_lookahead,0
enable_mul_enable_div_two_cycle_compare_two_cycle_alu_catch_misalign_catch_illinsn_011000110011000_icache_multiword_lookahead,1,0,0,0,0,0,0,0,0,0,0,0,0,0,0,0,0,0,0,0,0,0,0,0,0,0,0,1,1,0,0,0,1,1,0,0,1,1,0,0,0,icache_multiword_lookahead,0
enable_mul_enable_div_two_cycle_compare_two_cycle_alu_catch_misalign_catch_illinsn_enable_irq_qregs_011000110011001_icache_multiword_lookahead,1,0,0,0,0,0,0,0,0,0,0,0,0,0,0,0,0,0,0,0,0,0,0,0,0,0,0,1,1,0,0,0,1,1,0,0,1,1,0,0,1,icache_multiword_lookahead,0
enable_mul_enable_div_two_cycle_compare_two_cycle_alu_enable_regs_dualport_011000111000000_icache_multiword_lookahead,1,4164,6602,756,0,718,16.42,15,4919,5280,93,22,30,73,0,8,0,24,96,25,1,1,100,8,8,100,0,1,1,0,0,0,1,1,1,0,0,0,0,0,0,icache_multiword_lookahead,0
enable_mul_enable_div_two_cycle_compare_two_cycle_alu_enable_regs_dualport_enable_irq_qregs_011000111000001_icache_multiword_lookahead,1,4145,6618,1060,0,718,15.92,15,4896,5280,92,22,30,73,0,8,0,24,96,25,1,1,100,8,8,100,0,1,1,0,0,0,1,1,1,0,0,0,0,0,1,icache_multiword_lookahead,0
enable_mul_enable_div_two_cycle_compare_two_cycle_alu_enable_regs_dualport_catch_illinsn_011000111001000_icache_multiword_lookahead,1,4091,5653,4,0,700,16.04,17,4817,5280,91,22,30,73,0,8,0,24,96,25,1,1,100,8,8,100,0,1,1,0,0,0,1,1,1,0,0,1,0,0,0,icache_multiword_lookahead,0
enable_mul_enable_div_two_cycle_compare_two_cycle_alu_enable_regs_dualport_catch_illinsn_enable_irq_qregs_011000111001001_icache_multiword_lookahead,1,4100,6632,352,0,701,16.3,16,4826,5280,91,22,30,73,0,8,0,24,96,25,1,1,100,8,8,100,0,1,1,0,0,0,1,1,1,0,0,1,0,0,1,icache_multiword_lookahead,0
enable_mul_enable_div_two_cycle_compare_two_cycle_alu_enable_regs_dualport_catch_misalign_011000111010000_icache_multiword_lookahead,1,4171,5245,4,0,701,15.48,17,4900,5280,92,22,30,73,0,8,0,24,96,25,1,1,100,8,8,100,0,1,1,0,0,0,1,1,1,0,1,0,0,0,0,icache_multiword_lookahead,0
enable_mul_enable_div_two_cycle_compare_two_cycle_alu_enable_regs_dualport_catch_misalign_enable_irq_qregs_011000111010001_icache_multiword_lookahead,1,4168,4927,4,0,701,16.03,17,4899,5280,92,22,30,73,0,8,0,24,96,25,1,1,100,8,8,100,0,1,1,0,0,0,1,1,1,0,1,0,0,0,1,icache_multiword_lookahead,0
enable_mul_enable_div_two_cycle_compare_two_cycle_alu_enable_regs_dualport_catch_misalign_catch_illinsn_011000111011000_icache_multiword_lookahead,1,4205,5969,44,0,704,15.95,17,4937,5280,93,22,30,73,0,8,0,24,96,25,1,1,100,8,8,100,0,1,1,0,0,0,1,1,1,0,1,1,0,0,0,icache_multiword_lookahead,0
enable_mul_enable_div_two_cycle_compare_two_cycle_alu_enable_regs_dualport_catch_misalign_catch_illinsn_enable_irq_qregs_011000111011001_icache_multiword_lookahead,1,4201,4938,4,0,703,16.2,16,4931,5280,93,22,30,73,0,8,0,24,96,25,1,1,100,8,8,100,0,1,1,0,0,0,1,1,1,0,1,1,0,0,1,icache_multiword_lookahead,0
enable_mul_enable_div_enable_counters_011100000000000_icache_multiword_lookahead,1,0,0,0,0,0,0,0,0,0,0,0,0,0,0,0,0,0,0,0,0,0,0,0,0,0,0,1,1,1,0,0,0,0,0,0,0,0,0,0,0,icache_multiword_lookahead,0
enable_mul_enable_div_enable_counters_enable_irq_qregs_011100000000001_icache_multiword_lookahead,1,0,0,0,0,0,0,0,0,0,0,0,0,0,0,0,0,0,0,0,0,0,0,0,0,0,0,1,1,1,0,0,0,0,0,0,0,0,0,0,1,icache_multiword_lookahead,0
enable_mul_enable_div_enable_counters_catch_illinsn_011100000001000_icache_multiword_lookahead,1,0,0,0,0,0,0,0,0,0,0,0,0,0,0,0,0,0,0,0,0,0,0,0,0,0,0,1,1,1,0,0,0,0,0,0,0,1,0,0,0,icache_multiword_lookahead,0
enable_mul_enable_div_enable_counters_catch_illinsn_enable_irq_qregs_011100000001001_icache_multiword_lookahead,1,0,0,0,0,0,0,0,0,0,0,0,0,0,0,0,0,0,0,0,0,0,0,0,0,0,0,1,1,1,0,0,0,0,0,0,0,1,0,0,1,icache_multiword_lookahead,0
enable_mul_enable_div_enable_counters_catch_misalign_011100000010000_icache_multiword_lookahead,1,0,0,0,0,0,0,0,0,0,0,0,0,0,0,0,0,0,0,0,0,0,0,0,0,0,0,1,1,1,0,0,0,0,0,0,1,0,0,0,0,icache_multiword_lookahead,0
enable_mul_enable_div_enable_counters_catch_misalign_enable_irq_qregs_011100000010001_icache_multiword_lookahead,1,0,0,0,0,0,0,0,0,0,0,0,0,0,0,0,0,0,0,0,0,0,0,0,0,0,0,1,1,1,0,0,0,0,0,0,1,0,0,0,1,icache_multiword_lookahead,0
enable_mul_enable_div_enable_counters_catch_misalign_catch_illinsn_011100000011000_icache_multiword_lookahead,1,0,0,0,0,0,0,0,0,0,0,0,0,0,0,0,0,0,0,0,0,0,0,0,0,0,0,1,1,1,0,0,0,0,0,0,1,1,0,0,0,icache_multiword_lookahead,0
enable_mul_enable_div_enable_counters_catch_misalign_catch_illinsn_enable_irq_qregs_011100000011001_icache_multiword_lookahead,1,0,0,0,0,0,0,0,0,0,0,0,0,0,0,0,0,0,0,0,0,0,0,0,0,0,0,1,1,1,0,0,0,0,0,0,1,1,0,0,1,icache_multiword_lookahead,0
enable_mul_enable_div_enable_counters_enable_regs_dualport_011100001000000_icache_multiword_lookahead,1,4246,5355,4,0,779,15.4,16,4995,5280,94,22,30,73,0,8,0,24,96,25,1,1,100,8,8,100,0,1,1,1,0,0,0,0,1,0,0,0,0,0,0,icache_multiword_lookahead,0
enable_mul_enable_div_enable_counters_enable_regs_dualport_enable_irq_qregs_011100001000001_icache_multiword_lookahead,1,4148,5833,4,0,779,15.98,16,4902,5280,92,22,30,73,0,8,0,24,96,25,1,1,100,8,8,100,0,1,1,1,0,0,0,0,1,0,0,0,0,0,1,icache_multiword_lookahead,0
enable_mul_enable_div_enable_counters_enable_regs_dualport_catch_illinsn_011100001001000_icache_multiword_lookahead,1,4225,6764,4,0,760,15.9,17,4953,5280,93,22,30,73,0,8,0,24,96,25,1,1,100,8,8,100,0,1,1,1,0,0,0,0,1,0,0,1,0,0,0,icache_multiword_lookahead,0
enable_mul_enable_div_enable_counters_enable_regs_dualport_catch_illinsn_enable_irq_qregs_011100001001001_icache_multiword_lookahead,1,4255,5847,4,0,760,16.01,17,4986,5280,94,22,30,73,0,8,0,24,96,25,1,1,100,8,8,100,0,1,1,1,0,0,0,0,1,0,0,1,0,0,1,icache_multiword_lookahead,0
enable_mul_enable_div_enable_counters_enable_regs_dualport_catch_misalign_011100001010000_icache_multiword_lookahead,1,4243,5019,22,0,729,17.07,15,4968,5280,94,22,30,73,0,8,0,24,96,25,1,1,100,8,8,100,0,1,1,1,0,0,0,0,1,0,1,0,0,0,0,icache_multiword_lookahead,0
enable_mul_enable_div_enable_counters_enable_regs_dualport_catch_misalign_enable_irq_qregs_011100001010001_icache_multiword_lookahead,1,4227,5031,22,0,760,16.15,17,4961,5280,93,22,30,73,0,8,0,24,96,25,1,1,100,8,8,100,0,1,1,1,0,0,0,0,1,0,1,0,0,0,1,icache_multiword_lookahead,0
enable_mul_enable_div_enable_counters_enable_regs_dualport_catch_misalign_catch_illinsn_011100001011000_icache_multiword_lookahead,1,4253,5030,352,0,731,16.38,15,4979,5280,94,22,30,73,0,8,0,24,96,25,1,1,100,8,8,100,0,1,1,1,0,0,0,0,1,0,1,1,0,0,0,icache_multiword_lookahead,0
enable_mul_enable_div_enable_counters_enable_regs_dualport_catch_misalign_catch_illinsn_enable_irq_qregs_011100001011001_icache_multiword_lookahead,1,4232,5042,44,0,732,16.43,17,4960,5280,93,22,30,73,0,8,0,24,96,25,1,1,100,8,8,100,0,1,1,1,0,0,0,0,1,0,1,1,0,0,1,icache_multiword_lookahead,0
enable_mul_enable_div_enable_counters_two_cycle_alu_011100010000000_icache_multiword_lookahead,1,0,0,0,0,0,0,0,0,0,0,0,0,0,0,0,0,0,0,0,0,0,0,0,0,0,0,1,1,1,0,0,0,1,0,0,0,0,0,0,0,icache_multiword_lookahead,0
enable_mul_enable_div_enable_counters_two_cycle_alu_enable_irq_qregs_011100010000001_icache_multiword_lookahead,1,0,0,0,0,0,0,0,0,0,0,0,0,0,0,0,0,0,0,0,0,0,0,0,0,0,0,1,1,1,0,0,0,1,0,0,0,0,0,0,1,icache_multiword_lookahead,0
enable_mul_enable_div_enable_counters_two_cycle_alu_catch_illinsn_011100010001000_icache_multiword_lookahead,1,0,0,0,0,0,0,0,0,0,0,0,0,0,0,0,0,0,0,0,0,0,0,0,0,0,0,1,1,1,0,0,0,1,0,0,0,1,0,0,0,icache_multiword_lookahead,0
enable_mul_enable_div_enable_counters_two_cycle_alu_catch_illinsn_enable_irq_qregs_011100010001001_icache_multiword_lookahead,1,0,0,0,0,0,0,0,0,0,0,0,0,0,0,0,0,0,0,0,0,0,0,0,0,0,0,1,1,1,0,0,0,1,0,0,0,1,0,0,1,icache_multiword_lookahead,0
enable_mul_enable_div_enable_counters_two_cycle_alu_catch_misalign_011100010010000_icache_multiword_lookahead,1,0,0,0,0,0,0,0,0,0,0,0,0,0,0,0,0,0,0,0,0,0,0,0,0,0,0,1,1,1,0,0,0,1,0,0,1,0,0,0,0,icache_multiword_lookahead,0
enable_mul_enable_div_enable_counters_two_cycle_alu_catch_misalign_enable_irq_qregs_011100010010001_icache_multiword_lookahead,1,0,0,0,0,0,0,0,0,0,0,0,0,0,0,0,0,0,0,0,0,0,0,0,0,0,0,1,1,1,0,0,0,1,0,0,1,0,0,0,1,icache_multiword_lookahead,0
enable_mul_enable_div_enable_counters_two_cycle_alu_catch_misalign_catch_illinsn_011100010011000_icache_multiword_lookahead,1,0,0,0,0,0,0,0,0,0,0,0,0,0,0,0,0,0,0,0,0,0,0,0,0,0,0,1,1,1,0,0,0,1,0,0,1,1,0,0,0,icache_multiword_lookahead,0
enable_mul_enable_div_enable_counters_two_cycle_alu_catch_misalign_catch_illinsn_enable_irq_qregs_011100010011001_icache_multiword_lookahead,1,0,0,0,0,0,0,0,0,0,0,0,0,0,0,0,0,0,0,0,0,0,0,0,0,0,0,1,1,1,0,0,0,1,0,0,1,1,0,0,1,icache_multiword_lookahead,0
enable_mul_enable_div_enable_counters_two_cycle_alu_enable_regs_dualport_011100011000000_icache_multiword_lookahead,1,4208,5894,4,0,759,16.37,17,4939,5280,93,22,30,73,0,8,0,24,96,25,1,1,100,8,8,100,0,1,1,1,0,0,0,1,1,0,0,0,0,0,0,icache_multiword_lookahead,0
enable_mul_enable_div_enable_counters_two_cycle_alu_enable_regs_dualport_enable_irq_qregs_011100011000001_icache_multiword_lookahead,1,4254,5104,818,0,758,16.06,17,4984,5280,94,22,30,73,0,8,0,24,96,25,1,1,100,8,8,100,0,1,1,1,0,0,0,1,1,0,0,0,0,0,1,icache_multiword_lookahead,0
enable_mul_enable_div_enable_counters_two_cycle_alu_enable_regs_dualport_catch_illinsn_011100011001000_icache_multiword_lookahead,1,4224,5103,44,0,760,16.47,16,4956,5280,93,22,30,73,0,8,0,24,96,25,1,1,100,8,8,100,0,1,1,1,0,0,0,1,1,0,0,1,0,0,0,icache_multiword_lookahead,0
enable_mul_enable_div_enable_counters_two_cycle_alu_enable_regs_dualport_catch_illinsn_enable_irq_qregs_011100011001001_icache_multiword_lookahead,1,4272,5920,22,0,762,15.47,17,5008,5280,94,22,30,73,0,8,0,24,96,25,1,1,100,8,8,100,0,1,1,1,0,0,0,1,1,0,0,1,0,0,1,icache_multiword_lookahead,0
enable_mul_enable_div_enable_counters_two_cycle_alu_enable_regs_dualport_catch_misalign_011100011010000_icache_multiword_lookahead,1,4264,6209,22,0,761,15.48,18,4992,5280,94,22,30,73,0,8,0,24,96,25,1,1,100,8,8,100,0,1,1,1,0,0,0,1,1,0,1,0,0,0,0,icache_multiword_lookahead,0
enable_mul_enable_div_enable_counters_two_cycle_alu_enable_regs_dualport_catch_misalign_enable_irq_qregs_011100011010001_icache_multiword_lookahead,1,4221,6223,44,0,761,16.69,16,4953,5280,93,22,30,73,0,8,0,24,96,25,1,1,100,8,8,100,0,1,1,1,0,0,0,1,1,0,1,0,0,0,1,icache_multiword_lookahead,0
enable_mul_enable_div_enable_counters_two_cycle_alu_enable_regs_dualport_catch_misalign_catch_illinsn_011100011011000_icache_multiword_lookahead,1,4313,6225,44,0,764,16.6,15,5043,5280,95,22,30,73,0,8,0,24,96,25,1,1,100,8,8,100,0,1,1,1,0,0,0,1,1,0,1,1,0,0,0,icache_multiword_lookahead,0
enable_mul_enable_div_enable_counters_two_cycle_alu_enable_regs_dualport_catch_misalign_catch_illinsn_enable_irq_qregs_011100011011001_icache_multiword_lookahead,1,4306,5461,22,0,763,15.46,17,5042,5280,95,22,30,73,0,8,0,24,96,25,1,1,100,8,8,100,0,1,1,1,0,0,0,1,1,0,1,1,0,0,1,icache_multiword_lookahead,0
enable_mul_enable_div_enable_counters_two_cycle_compare_011100100000000_icache_multiword_lookahead,1,0,0,0,0,0,0,0,0,0,0,0,0,0,0,0,0,0,0,0,0,0,0,0,0,0,0,1,1,1,0,0,1,0,0,0,0,0,0,0,0,icache_multiword_lookahead,0
enable_mul_enable_div_enable_counters_two_cycle_compare_enable_irq_qregs_011100100000001_icache_multiword_lookahead,1,0,0,0,0,0,0,0,0,0,0,0,0,0,0,0,0,0,0,0,0,0,0,0,0,0,0,1,1,1,0,0,1,0,0,0,0,0,0,0,1,icache_multiword_lookahead,0
enable_mul_enable_div_enable_counters_two_cycle_compare_catch_illinsn_011100100001000_icache_multiword_lookahead,1,0,0,0,0,0,0,0,0,0,0,0,0,0,0,0,0,0,0,0,0,0,0,0,0,0,0,1,1,1,0,0,1,0,0,0,0,1,0,0,0,icache_multiword_lookahead,0
enable_mul_enable_div_enable_counters_two_cycle_compare_catch_illinsn_enable_irq_qregs_011100100001001_icache_multiword_lookahead,1,0,0,0,0,0,0,0,0,0,0,0,0,0,0,0,0,0,0,0,0,0,0,0,0,0,0,1,1,1,0,0,1,0,0,0,0,1,0,0,1,icache_multiword_lookahead,0
enable_mul_enable_div_enable_counters_two_cycle_compare_catch_misalign_011100100010000_icache_multiword_lookahead,1,0,0,0,0,0,0,0,0,0,0,0,0,0,0,0,0,0,0,0,0,0,0,0,0,0,0,1,1,1,0,0,1,0,0,0,1,0,0,0,0,icache_multiword_lookahead,0
enable_mul_enable_div_enable_counters_two_cycle_compare_catch_misalign_enable_irq_qregs_011100100010001_icache_multiword_lookahead,1,0,0,0,0,0,0,0,0,0,0,0,0,0,0,0,0,0,0,0,0,0,0,0,0,0,0,1,1,1,0,0,1,0,0,0,1,0,0,0,1,icache_multiword_lookahead,0
enable_mul_enable_div_enable_counters_two_cycle_compare_catch_misalign_catch_illinsn_011100100011000_icache_multiword_lookahead,1,0,0,0,0,0,0,0,0,0,0,0,0,0,0,0,0,0,0,0,0,0,0,0,0,0,0,1,1,1,0,0,1,0,0,0,1,1,0,0,0,icache_multiword_lookahead,0
enable_mul_enable_div_enable_counters_two_cycle_compare_catch_misalign_catch_illinsn_enable_irq_qregs_011100100011001_icache_multiword_lookahead,1,0,0,0,0,0,0,0,0,0,0,0,0,0,0,0,0,0,0,0,0,0,0,0,0,0,0,1,1,1,0,0,1,0,0,0,1,1,0,0,1,icache_multiword_lookahead,0
enable_mul_enable_div_enable_counters_two_cycle_compare_enable_regs_dualport_011100101000000_icache_multiword_lookahead,1,4226,5360,4,0,758,16.88,16,4954,5280,93,22,30,73,0,8,0,24,96,25,1,1,100,8,8,100,0,1,1,1,0,0,1,0,1,0,0,0,0,0,0,icache_multiword_lookahead,0
enable_mul_enable_div_enable_counters_two_cycle_compare_enable_regs_dualport_enable_irq_qregs_011100101000001_icache_multiword_lookahead,1,4255,5838,352,0,727,16.25,17,4990,5280,94,22,30,73,0,8,0,24,96,25,1,1,100,8,8,100,0,1,1,1,0,0,1,0,1,0,0,0,0,0,1,icache_multiword_lookahead,0
enable_mul_enable_div_enable_counters_two_cycle_compare_enable_regs_dualport_catch_illinsn_011100101001000_icache_multiword_lookahead,1,4208,6771,4,0,760,15.35,17,4938,5280,93,22,30,73,0,8,0,24,96,25,1,1,100,8,8,100,0,1,1,1,0,0,1,0,1,0,0,1,0,0,0,icache_multiword_lookahead,0
enable_mul_enable_div_enable_counters_two_cycle_compare_enable_regs_dualport_catch_illinsn_enable_irq_qregs_011100101001001_icache_multiword_lookahead,1,4151,5047,821,0,780,15.8,17,4908,5280,92,22,30,73,0,8,0,24,96,25,1,1,100,8,8,100,0,1,1,1,0,0,1,0,1,0,0,1,0,0,1,icache_multiword_lookahead,0
enable_mul_enable_div_enable_counters_two_cycle_compare_enable_regs_dualport_catch_misalign_011100101010000_icache_multiword_lookahead,1,4220,5024,242,0,730,16.65,15,4946,5280,93,22,30,73,0,8,0,24,96,25,1,1,100,8,8,100,0,1,1,1,0,0,1,0,1,0,1,0,0,0,0,icache_multiword_lookahead,0
enable_mul_enable_div_enable_counters_two_cycle_compare_enable_regs_dualport_catch_misalign_enable_irq_qregs_011100101010001_icache_multiword_lookahead,1,4279,5272,22,0,780,15.92,17,5034,5280,95,22,30,73,0,8,0,24,96,25,1,1,100,8,8,100,0,1,1,1,0,0,1,0,1,0,1,0,0,0,1,icache_multiword_lookahead,0
enable_mul_enable_div_enable_counters_two_cycle_compare_enable_regs_dualport_catch_misalign_catch_illinsn_011100101011000_icache_multiword_lookahead,1,4314,5035,352,0,731,16.46,16,5042,5280,95,22,30,73,0,8,0,24,96,25,1,1,100,8,8,100,0,1,1,1,0,0,1,0,1,0,1,1,0,0,0,icache_multiword_lookahead,0
enable_mul_enable_div_enable_counters_two_cycle_compare_enable_regs_dualport_catch_misalign_catch_illinsn_enable_irq_qregs_011100101011001_icache_multiword_lookahead,1,4320,5047,352,0,751,15.98,16,5071,5280,96,22,30,73,0,8,0,24,96,25,1,1,100,8,8,100,0,1,1,1,0,0,1,0,1,0,1,1,0,0,1,icache_multiword_lookahead,0
enable_mul_enable_div_enable_counters_two_cycle_compare_two_cycle_alu_011100110000000_icache_multiword_lookahead,1,0,0,0,0,0,0,0,0,0,0,0,0,0,0,0,0,0,0,0,0,0,0,0,0,0,0,1,1,1,0,0,1,1,0,0,0,0,0,0,0,icache_multiword_lookahead,0
enable_mul_enable_div_enable_counters_two_cycle_compare_two_cycle_alu_enable_irq_qregs_011100110000001_icache_multiword_lookahead,1,0,0,0,0,0,0,0,0,0,0,0,0,0,0,0,0,0,0,0,0,0,0,0,0,0,0,1,1,1,0,0,1,1,0,0,0,0,0,0,1,icache_multiword_lookahead,0
enable_mul_enable_div_enable_counters_two_cycle_compare_two_cycle_alu_catch_illinsn_011100110001000_icache_multiword_lookahead,1,0,0,0,0,0,0,0,0,0,0,0,0,0,0,0,0,0,0,0,0,0,0,0,0,0,0,1,1,1,0,0,1,1,0,0,0,1,0,0,0,icache_multiword_lookahead,0
enable_mul_enable_div_enable_counters_two_cycle_compare_two_cycle_alu_catch_illinsn_enable_irq_qregs_011100110001001_icache_multiword_lookahead,1,0,0,0,0,0,0,0,0,0,0,0,0,0,0,0,0,0,0,0,0,0,0,0,0,0,0,1,1,1,0,0,1,1,0,0,0,1,0,0,1,icache_multiword_lookahead,0
enable_mul_enable_div_enable_counters_two_cycle_compare_two_cycle_alu_catch_misalign_011100110010000_icache_multiword_lookahead,1,0,0,0,0,0,0,0,0,0,0,0,0,0,0,0,0,0,0,0,0,0,0,0,0,0,0,1,1,1,0,0,1,1,0,0,1,0,0,0,0,icache_multiword_lookahead,0
enable_mul_enable_div_enable_counters_two_cycle_compare_two_cycle_alu_catch_misalign_enable_irq_qregs_011100110010001_icache_multiword_lookahead,1,0,0,0,0,0,0,0,0,0,0,0,0,0,0,0,0,0,0,0,0,0,0,0,0,0,0,1,1,1,0,0,1,1,0,0,1,0,0,0,1,icache_multiword_lookahead,0
enable_mul_enable_div_enable_counters_two_cycle_compare_two_cycle_alu_catch_misalign_catch_illinsn_011100110011000_icache_multiword_lookahead,1,0,0,0,0,0,0,0,0,0,0,0,0,0,0,0,0,0,0,0,0,0,0,0,0,0,0,1,1,1,0,0,1,1,0,0,1,1,0,0,0,icache_multiword_lookahead,0
enable_mul_enable_div_enable_counters_two_cycle_compare_two_cycle_alu_catch_misalign_catch_illinsn_enable_irq_qregs_011100110011001_icache_multiword_lookahead,1,0,0,0,0,0,0,0,0,0,0,0,0,0,0,0,0,0,0,0,0,0,0,0,0,0,0,1,1,1,0,0,1,1,0,0,1,1,0,0,1,icache_multiword_lookahead,0
enable_mul_enable_div_enable_counters_two_cycle_compare_two_cycle_alu_enable_regs_dualport_011100111000000_icache_multiword_lookahead,1,4311,5433,4,0,759,16.26,17,5042,5280,95,22,30,73,0,8,0,24,96,25,1,1,100,8,8,100,0,1,1,1,0,0,1,1,1,0,0,0,0,0,0,icache_multiword_lookahead,0
enable_mul_enable_div_enable_counters_two_cycle_compare_two_cycle_alu_enable_regs_dualport_enable_irq_qregs_011100111000001_icache_multiword_lookahead,1,4177,5911,352,0,759,15.91,17,4912,5280,93,22,30,73,0,8,0,24,96,25,1,1,100,8,8,100,0,1,1,1,0,0,1,1,1,0,0,0,0,0,1,icache_multiword_lookahead,0
enable_mul_enable_div_enable_counters_two_cycle_compare_two_cycle_alu_enable_regs_dualport_catch_illinsn_011100111001000_icache_multiword_lookahead,1,4237,5114,4,0,761,16.72,16,4965,5280,94,22,30,73,0,8,0,24,96,25,1,1,100,8,8,100,0,1,1,1,0,0,1,1,1,0,0,1,0,0,0,icache_multiword_lookahead,0
enable_mul_enable_div_enable_counters_two_cycle_compare_two_cycle_alu_enable_regs_dualport_catch_illinsn_enable_irq_qregs_011100111001001_icache_multiword_lookahead,1,4232,5126,22,0,760,15.73,17,4963,5280,93,22,30,73,0,8,0,24,96,25,1,1,100,8,8,100,0,1,1,1,0,0,1,1,1,0,0,1,0,0,1,icache_multiword_lookahead,0
enable_mul_enable_div_enable_counters_two_cycle_compare_two_cycle_alu_enable_regs_dualport_catch_misalign_011100111010000_icache_multiword_lookahead,1,4214,5443,22,0,761,16.92,15,4948,5280,93,22,30,73,0,8,0,24,96,25,1,1,100,8,8,100,0,1,1,1,0,0,1,1,1,0,1,0,0,0,0,icache_multiword_lookahead,0
enable_mul_enable_div_enable_counters_two_cycle_compare_two_cycle_alu_enable_regs_dualport_catch_misalign_enable_irq_qregs_011100111010001_icache_multiword_lookahead,1,4326,5125,1793,0,761,16.54,16,5057,5280,95,22,30,73,0,8,0,24,96,25,1,1,100,8,8,100,0,1,1,1,0,0,1,1,1,0,1,0,0,0,1,icache_multiword_lookahead,0
enable_mul_enable_div_enable_counters_two_cycle_compare_two_cycle_alu_enable_regs_dualport_catch_misalign_catch_illinsn_011100111011000_icache_multiword_lookahead,1,4252,5146,1129,0,783,15.08,16,5005,5280,94,22,30,73,0,8,0,24,96,25,1,1,100,8,8,100,0,1,1,1,0,0,1,1,1,0,1,1,0,0,0,icache_multiword_lookahead,0
enable_mul_enable_div_enable_counters_two_cycle_compare_two_cycle_alu_enable_regs_dualport_catch_misalign_catch_illinsn_enable_irq_qregs_011100111011001_icache_multiword_lookahead,1,4336,6245,44,0,762,16.22,16,5067,5280,95,22,30,73,0,8,0,24,96,25,1,1,100,8,8,100,0,1,1,1,0,0,1,1,1,0,1,1,0,0,1,icache_multiword_lookahead,0
barrel_shifter_enable_mul_enable_div_111000000000000_icache_multiword_lookahead,1,0,0,0,0,0,0,0,0,0,0,0,0,0,0,0,0,0,0,0,0,0,0,0,0,0,1,1,1,0,0,0,0,0,0,0,0,0,0,0,0,icache_multiword_lookahead,0
barrel_shifter_enable_mul_enable_div_enable_irq_qregs_111000000000001_icache_multiword_lookahead,1,0,0,0,0,0,0,0,0,0,0,0,0,0,0,0,0,0,0,0,0,0,0,0,0,0,1,1,1,0,0,0,0,0,0,0,0,0,0,0,1,icache_multiword_lookahead,0
barrel_shifter_enable_mul_enable_div_catch_illinsn_111000000001000_icache_multiword_lookahead,1,0,0,0,0,0,0,0,0,0,0,0,0,0,0,0,0,0,0,0,0,0,0,0,0,0,1,1,1,0,0,0,0,0,0,0,0,1,0,0,0,icache_multiword_lookahead,0
barrel_shifter_enable_mul_enable_div_catch_illinsn_enable_irq_qregs_111000000001001_icache_multiword_lookahead,1,0,0,0,0,0,0,0,0,0,0,0,0,0,0,0,0,0,0,0,0,0,0,0,0,0,1,1,1,0,0,0,0,0,0,0,0,1,0,0,1,icache_multiword_lookahead,0
barrel_shifter_enable_mul_enable_div_catch_misalign_111000000010000_icache_multiword_lookahead,1,0,0,0,0,0,0,0,0,0,0,0,0,0,0,0,0,0,0,0,0,0,0,0,0,0,1,1,1,0,0,0,0,0,0,0,1,0,0,0,0,icache_multiword_lookahead,0
barrel_shifter_enable_mul_enable_div_catch_misalign_enable_irq_qregs_111000000010001_icache_multiword_lookahead,1,0,0,0,0,0,0,0,0,0,0,0,0,0,0,0,0,0,0,0,0,0,0,0,0,0,1,1,1,0,0,0,0,0,0,0,1,0,0,0,1,icache_multiword_lookahead,0
barrel_shifter_enable_mul_enable_div_catch_misalign_catch_illinsn_111000000011000_icache_multiword_lookahead,1,0,0,0,0,0,0,0,0,0,0,0,0,0,0,0,0,0,0,0,0,0,0,0,0,0,1,1,1,0,0,0,0,0,0,0,1,1,0,0,0,icache_multiword_lookahead,0
barrel_shifter_enable_mul_enable_div_catch_misalign_catch_illinsn_enable_irq_qregs_111000000011001_icache_multiword_lookahead,1,0,0,0,0,0,0,0,0,0,0,0,0,0,0,0,0,0,0,0,0,0,0,0,0,0,1,1,1,0,0,0,0,0,0,0,1,1,0,0,1,icache_multiword_lookahead,0
barrel_shifter_enable_mul_enable_div_enable_regs_dualport_111000001000000_icache_multiword_lookahead,1,4262,5030,6,0,665,17.21,16,4981,5280,94,22,30,73,0,8,0,24,96,25,1,1,100,8,8,100,1,1,1,0,0,0,0,0,1,0,0,0,0,0,0,icache_multiword_lookahead,0
barrel_shifter_enable_mul_enable_div_enable_regs_dualport_enable_irq_qregs_111000001000001_icache_multiword_lookahead,1,4289,4822,4,0,697,17.05,15,5015,5280,94,22,30,73,0,8,0,24,96,25,1,1,100,8,8,100,1,1,1,0,0,0,0,0,1,0,0,0,0,0,1,icache_multiword_lookahead,0
barrel_shifter_enable_mul_enable_div_enable_regs_dualport_catch_illinsn_111000001001000_icache_multiword_lookahead,1,4248,5041,16,0,699,16.81,16,4969,5280,94,22,30,73,0,8,0,24,96,25,1,1,100,8,8,100,1,1,1,0,0,0,0,0,1,0,0,1,0,0,0,icache_multiword_lookahead,0
barrel_shifter_enable_mul_enable_div_enable_regs_dualport_catch_illinsn_enable_irq_qregs_111000001001001_icache_multiword_lookahead,1,4292,5163,4,0,699,16.47,16,5015,5280,94,22,30,73,0,8,0,24,96,25,1,1,100,8,8,100,1,1,1,0,0,0,0,0,1,0,0,1,0,0,1,icache_multiword_lookahead,0
barrel_shifter_enable_mul_enable_div_enable_regs_dualport_catch_misalign_111000001010000_icache_multiword_lookahead,1,4292,5150,16,0,698,16.6,15,5017,5280,95,22,30,73,0,8,0,24,96,25,1,1,100,8,8,100,1,1,1,0,0,0,0,0,1,0,1,0,0,0,0,icache_multiword_lookahead,0
barrel_shifter_enable_mul_enable_div_enable_regs_dualport_catch_misalign_enable_irq_qregs_111000001010001_icache_multiword_lookahead,1,4376,5052,16,0,699,16.29,16,5100,5280,96,22,30,73,0,8,0,24,96,25,1,1,100,8,8,100,1,1,1,0,0,0,0,0,1,0,1,0,0,0,1,icache_multiword_lookahead,0
barrel_shifter_enable_mul_enable_div_enable_regs_dualport_catch_misalign_catch_illinsn_111000001011000_icache_multiword_lookahead,1,4315,5051,16,0,701,17.0,16,5041,5280,95,22,30,73,0,8,0,24,96,25,1,1,100,8,8,100,1,1,1,0,0,0,0,0,1,0,1,1,0,0,0,icache_multiword_lookahead,0
barrel_shifter_enable_mul_enable_div_enable_regs_dualport_catch_misalign_catch_illinsn_enable_irq_qregs_111000001011001_icache_multiword_lookahead,1,4271,5173,16,0,701,15.89,18,4995,5280,94,22,30,73,0,8,0,24,96,25,1,1,100,8,8,100,1,1,1,0,0,0,0,0,1,0,1,1,0,0,1,icache_multiword_lookahead,0
barrel_shifter_enable_mul_enable_div_two_cycle_alu_111000010000000_icache_multiword_lookahead,1,0,0,0,0,0,0,0,0,0,0,0,0,0,0,0,0,0,0,0,0,0,0,0,0,0,1,1,1,0,0,0,0,1,0,0,0,0,0,0,0,icache_multiword_lookahead,0
barrel_shifter_enable_mul_enable_div_two_cycle_alu_enable_irq_qregs_111000010000001_icache_multiword_lookahead,1,0,0,0,0,0,0,0,0,0,0,0,0,0,0,0,0,0,0,0,0,0,0,0,0,0,1,1,1,0,0,0,0,1,0,0,0,0,0,0,1,icache_multiword_lookahead,0
barrel_shifter_enable_mul_enable_div_two_cycle_alu_catch_illinsn_111000010001000_icache_multiword_lookahead,1,0,0,0,0,0,0,0,0,0,0,0,0,0,0,0,0,0,0,0,0,0,0,0,0,0,1,1,1,0,0,0,0,1,0,0,0,1,0,0,0,icache_multiword_lookahead,0
barrel_shifter_enable_mul_enable_div_two_cycle_alu_catch_illinsn_enable_irq_qregs_111000010001001_icache_multiword_lookahead,1,0,0,0,0,0,0,0,0,0,0,0,0,0,0,0,0,0,0,0,0,0,0,0,0,0,1,1,1,0,0,0,0,1,0,0,0,1,0,0,1,icache_multiword_lookahead,0
barrel_shifter_enable_mul_enable_div_two_cycle_alu_catch_misalign_111000010010000_icache_multiword_lookahead,1,0,0,0,0,0,0,0,0,0,0,0,0,0,0,0,0,0,0,0,0,0,0,0,0,0,1,1,1,0,0,0,0,1,0,0,1,0,0,0,0,icache_multiword_lookahead,0
barrel_shifter_enable_mul_enable_div_two_cycle_alu_catch_misalign_enable_irq_qregs_111000010010001_icache_multiword_lookahead,1,0,0,0,0,0,0,0,0,0,0,0,0,0,0,0,0,0,0,0,0,0,0,0,0,0,1,1,1,0,0,0,0,1,0,0,1,0,0,0,1,icache_multiword_lookahead,0
barrel_shifter_enable_mul_enable_div_two_cycle_alu_catch_misalign_catch_illinsn_111000010011000_icache_multiword_lookahead,1,0,0,0,0,0,0,0,0,0,0,0,0,0,0,0,0,0,0,0,0,0,0,0,0,0,1,1,1,0,0,0,0,1,0,0,1,1,0,0,0,icache_multiword_lookahead,0
barrel_shifter_enable_mul_enable_div_two_cycle_alu_catch_misalign_catch_illinsn_enable_irq_qregs_111000010011001_icache_multiword_lookahead,1,0,0,0,0,0,0,0,0,0,0,0,0,0,0,0,0,0,0,0,0,0,0,0,0,0,1,1,1,0,0,0,0,1,0,0,1,1,0,0,1,icache_multiword_lookahead,0
barrel_shifter_enable_mul_enable_div_two_cycle_alu_enable_regs_dualport_111000011000000_icache_multiword_lookahead,1,4326,5027,242,0,697,16.37,16,5061,5280,95,22,30,73,0,8,0,24,96,25,1,1,100,8,8,100,1,1,1,0,0,0,0,1,1,0,0,0,0,0,0,icache_multiword_lookahead,0
barrel_shifter_enable_mul_enable_div_two_cycle_alu_enable_regs_dualport_enable_irq_qregs_111000011000001_icache_multiword_lookahead,1,4343,5039,1075,0,697,16.39,16,5086,5280,96,22,30,73,0,8,0,24,96,25,1,1,100,8,8,100,1,1,1,0,0,0,0,1,1,0,0,0,0,0,1,icache_multiword_lookahead,0
barrel_shifter_enable_mul_enable_div_two_cycle_alu_enable_regs_dualport_catch_illinsn_111000011001000_icache_multiword_lookahead,1,4310,5368,22,0,698,17.1,15,5047,5280,95,22,30,73,0,8,0,24,96,25,1,1,100,8,8,100,1,1,1,0,0,0,0,1,1,0,0,1,0,0,0,icache_multiword_lookahead,0
barrel_shifter_enable_mul_enable_div_two_cycle_alu_enable_regs_dualport_catch_illinsn_enable_irq_qregs_111000011001001_icache_multiword_lookahead,1,4320,5050,352,0,718,16.31,16,5080,5280,96,22,30,73,0,8,0,24,96,25,1,1,100,8,8,100,1,1,1,0,0,0,0,1,1,0,0,1,0,0,1,icache_multiword_lookahead,0
barrel_shifter_enable_mul_enable_div_two_cycle_alu_enable_regs_dualport_catch_misalign_111000011010000_icache_multiword_lookahead,1,4333,6793,1075,0,698,15.3,17,5071,5280,96,22,30,73,0,8,0,24,96,25,1,1,100,8,8,100,1,1,1,0,0,0,0,1,1,0,1,0,0,0,0,icache_multiword_lookahead,0
barrel_shifter_enable_mul_enable_div_two_cycle_alu_enable_regs_dualport_catch_misalign_enable_irq_qregs_111000011010001_icache_multiword_lookahead,1,4342,5049,1782,0,718,15.4,17,5105,5280,96,22,30,73,0,8,0,24,96,25,1,1,100,8,8,100,1,1,1,0,0,0,0,1,1,0,1,0,0,0,1,icache_multiword_lookahead,0
barrel_shifter_enable_mul_enable_div_two_cycle_alu_enable_regs_dualport_catch_misalign_catch_illinsn_111000011011000_icache_multiword_lookahead,1,4351,5048,1080,0,701,16.81,15,5092,5280,96,22,30,73,0,8,0,24,96,25,1,1,100,8,8,100,1,1,1,0,0,0,0,1,1,0,1,1,0,0,0,icache_multiword_lookahead,0
barrel_shifter_enable_mul_enable_div_two_cycle_alu_enable_regs_dualport_catch_misalign_catch_illinsn_enable_irq_qregs_111000011011001_icache_multiword_lookahead,1,4356,6120,16,0,720,16.07,16,5124,5280,97,22,30,73,0,8,0,24,96,25,1,1,100,8,8,100,1,1,1,0,0,0,0,1,1,0,1,1,0,0,1,icache_multiword_lookahead,0
barrel_shifter_enable_mul_enable_div_two_cycle_compare_111000100000000_icache_multiword_lookahead,1,0,0,0,0,0,0,0,0,0,0,0,0,0,0,0,0,0,0,0,0,0,0,0,0,0,1,1,1,0,0,0,1,0,0,0,0,0,0,0,0,icache_multiword_lookahead,0
barrel_shifter_enable_mul_enable_div_two_cycle_compare_enable_irq_qregs_111000100000001_icache_multiword_lookahead,1,0,0,0,0,0,0,0,0,0,0,0,0,0,0,0,0,0,0,0,0,0,0,0,0,0,1,1,1,0,0,0,1,0,0,0,0,0,0,0,1,icache_multiword_lookahead,0
barrel_shifter_enable_mul_enable_div_two_cycle_compare_catch_illinsn_111000100001000_icache_multiword_lookahead,1,0,0,0,0,0,0,0,0,0,0,0,0,0,0,0,0,0,0,0,0,0,0,0,0,0,1,1,1,0,0,0,1,0,0,0,0,1,0,0,0,icache_multiword_lookahead,0
barrel_shifter_enable_mul_enable_div_two_cycle_compare_catch_illinsn_enable_irq_qregs_111000100001001_icache_multiword_lookahead,1,0,0,0,0,0,0,0,0,0,0,0,0,0,0,0,0,0,0,0,0,0,0,0,0,0,1,1,1,0,0,0,1,0,0,0,0,1,0,0,1,icache_multiword_lookahead,0
barrel_shifter_enable_mul_enable_div_two_cycle_compare_catch_misalign_111000100010000_icache_multiword_lookahead,1,0,0,0,0,0,0,0,0,0,0,0,0,0,0,0,0,0,0,0,0,0,0,0,0,0,1,1,1,0,0,0,1,0,0,0,1,0,0,0,0,icache_multiword_lookahead,0
barrel_shifter_enable_mul_enable_div_two_cycle_compare_catch_misalign_enable_irq_qregs_111000100010001_icache_multiword_lookahead,1,0,0,0,0,0,0,0,0,0,0,0,0,0,0,0,0,0,0,0,0,0,0,0,0,0,1,1,1,0,0,0,1,0,0,0,1,0,0,0,1,icache_multiword_lookahead,0
barrel_shifter_enable_mul_enable_div_two_cycle_compare_catch_misalign_catch_illinsn_111000100011000_icache_multiword_lookahead,1,0,0,0,0,0,0,0,0,0,0,0,0,0,0,0,0,0,0,0,0,0,0,0,0,0,1,1,1,0,0,0,1,0,0,0,1,1,0,0,0,icache_multiword_lookahead,0
barrel_shifter_enable_mul_enable_div_two_cycle_compare_catch_misalign_catch_illinsn_enable_irq_qregs_111000100011001_icache_multiword_lookahead,1,0,0,0,0,0,0,0,0,0,0,0,0,0,0,0,0,0,0,0,0,0,0,0,0,0,1,1,1,0,0,0,1,0,0,0,1,1,0,0,1,icache_multiword_lookahead,0
barrel_shifter_enable_mul_enable_div_two_cycle_compare_enable_regs_dualport_111000101000000_icache_multiword_lookahead,1,4267,4837,4,0,696,17.21,16,4993,5280,94,22,30,73,0,8,0,24,96,25,1,1,100,8,8,100,1,1,1,0,0,0,1,0,1,0,0,0,0,0,0,icache_multiword_lookahead,0
barrel_shifter_enable_mul_enable_div_two_cycle_compare_enable_regs_dualport_enable_irq_qregs_111000101000001_icache_multiword_lookahead,1,4282,4827,750,0,697,15.98,16,5007,5280,94,22,30,73,0,8,0,24,96,25,1,1,100,8,8,100,1,1,1,0,0,0,1,0,1,0,0,0,0,0,1,icache_multiword_lookahead,0
barrel_shifter_enable_mul_enable_div_two_cycle_compare_enable_regs_dualport_catch_illinsn_111000101001000_icache_multiword_lookahead,1,4282,5156,4,0,698,16.55,16,5007,5280,94,22,30,73,0,8,0,24,96,25,1,1,100,8,8,100,1,1,1,0,0,0,1,0,1,0,0,1,0,0,0,icache_multiword_lookahead,0
barrel_shifter_enable_mul_enable_div_two_cycle_compare_enable_regs_dualport_catch_illinsn_enable_irq_qregs_111000101001001_icache_multiword_lookahead,1,4261,5168,44,0,718,15.69,17,5007,5280,94,22,30,73,0,8,0,24,96,25,1,1,100,8,8,100,1,1,1,0,0,0,1,0,1,0,0,1,0,0,1,icache_multiword_lookahead,0
barrel_shifter_enable_mul_enable_div_two_cycle_compare_enable_regs_dualport_catch_misalign_111000101010000_icache_multiword_lookahead,1,4331,5045,16,0,698,16.01,17,5057,5280,95,22,30,73,0,8,0,24,96,25,1,1,100,8,8,100,1,1,1,0,0,0,1,0,1,0,1,0,0,0,0,icache_multiword_lookahead,0
barrel_shifter_enable_mul_enable_div_two_cycle_compare_enable_regs_dualport_catch_misalign_enable_irq_qregs_111000101010001_icache_multiword_lookahead,1,4369,6499,1061,0,698,16.34,16,5097,5280,96,22,30,73,0,8,0,24,96,25,1,1,100,8,8,100,1,1,1,0,0,0,1,0,1,0,1,0,0,0,1,icache_multiword_lookahead,0
barrel_shifter_enable_mul_enable_div_two_cycle_compare_enable_regs_dualport_catch_misalign_catch_illinsn_111000101011000_icache_multiword_lookahead,1,4293,4836,1683,0,700,15.65,17,5019,5280,95,22,30,73,0,8,0,24,96,25,1,1,100,8,8,100,1,1,1,0,0,0,1,0,1,0,1,1,0,0,0,icache_multiword_lookahead,0
barrel_shifter_enable_mul_enable_div_two_cycle_compare_enable_regs_dualport_catch_misalign_catch_illinsn_enable_irq_qregs_111000101011001_icache_multiword_lookahead,1,4299,4848,1066,0,701,15.92,16,5024,5280,95,22,30,73,0,8,0,24,96,25,1,1,100,8,8,100,1,1,1,0,0,0,1,0,1,0,1,1,0,0,1,icache_multiword_lookahead,0
barrel_shifter_enable_mul_enable_div_two_cycle_compare_two_cycle_alu_111000110000000_icache_multiword_lookahead,1,0,0,0,0,0,0,0,0,0,0,0,0,0,0,0,0,0,0,0,0,0,0,0,0,0,1,1,1,0,0,0,1,1,0,0,0,0,0,0,0,icache_multiword_lookahead,0
barrel_shifter_enable_mul_enable_div_two_cycle_compare_two_cycle_alu_enable_irq_qregs_111000110000001_icache_multiword_lookahead,1,0,0,0,0,0,0,0,0,0,0,0,0,0,0,0,0,0,0,0,0,0,0,0,0,0,1,1,1,0,0,0,1,1,0,0,0,0,0,0,1,icache_multiword_lookahead,0
barrel_shifter_enable_mul_enable_div_two_cycle_compare_two_cycle_alu_catch_illinsn_111000110001000_icache_multiword_lookahead,1,0,0,0,0,0,0,0,0,0,0,0,0,0,0,0,0,0,0,0,0,0,0,0,0,0,1,1,1,0,0,0,1,1,0,0,0,1,0,0,0,icache_multiword_lookahead,0
barrel_shifter_enable_mul_enable_div_two_cycle_compare_two_cycle_alu_catch_illinsn_enable_irq_qregs_111000110001001_icache_multiword_lookahead,1,0,0,0,0,0,0,0,0,0,0,0,0,0,0,0,0,0,0,0,0,0,0,0,0,0,1,1,1,0,0,0,1,1,0,0,0,1,0,0,1,icache_multiword_lookahead,0
barrel_shifter_enable_mul_enable_div_two_cycle_compare_two_cycle_alu_catch_misalign_111000110010000_icache_multiword_lookahead,1,0,0,0,0,0,0,0,0,0,0,0,0,0,0,0,0,0,0,0,0,0,0,0,0,0,1,1,1,0,0,0,1,1,0,0,1,0,0,0,0,icache_multiword_lookahead,0
barrel_shifter_enable_mul_enable_div_two_cycle_compare_two_cycle_alu_catch_misalign_enable_irq_qregs_111000110010001_icache_multiword_lookahead,1,0,0,0,0,0,0,0,0,0,0,0,0,0,0,0,0,0,0,0,0,0,0,0,0,0,1,1,1,0,0,0,1,1,0,0,1,0,0,0,1,icache_multiword_lookahead,0
barrel_shifter_enable_mul_enable_div_two_cycle_compare_two_cycle_alu_catch_misalign_catch_illinsn_111000110011000_icache_multiword_lookahead,1,0,0,0,0,0,0,0,0,0,0,0,0,0,0,0,0,0,0,0,0,0,0,0,0,0,1,1,1,0,0,0,1,1,0,0,1,1,0,0,0,icache_multiword_lookahead,0
barrel_shifter_enable_mul_enable_div_two_cycle_compare_two_cycle_alu_catch_misalign_catch_illinsn_enable_irq_qregs_111000110011001_icache_multiword_lookahead,1,0,0,0,0,0,0,0,0,0,0,0,0,0,0,0,0,0,0,0,0,0,0,0,0,0,1,1,1,0,0,0,1,1,0,0,1,1,0,0,1,icache_multiword_lookahead,0
barrel_shifter_enable_mul_enable_div_two_cycle_compare_two_cycle_alu_enable_regs_dualport_111000111000000_icache_multiword_lookahead,1,4393,6084,352,0,697,16.4,17,5134,5280,97,22,30,73,0,8,0,24,96,25,1,1,100,8,8,100,1,1,1,0,0,0,1,1,1,0,0,0,0,0,0,icache_multiword_lookahead,0
barrel_shifter_enable_mul_enable_div_two_cycle_compare_two_cycle_alu_enable_regs_dualport_enable_irq_qregs_111000111000001_icache_multiword_lookahead,1,4272,5044,352,0,696,16.78,16,5011,5280,94,22,30,73,0,8,0,24,96,25,1,1,100,8,8,100,1,1,1,0,0,0,1,1,1,0,0,0,0,0,1,icache_multiword_lookahead,0
barrel_shifter_enable_mul_enable_div_two_cycle_compare_two_cycle_alu_enable_regs_dualport_catch_illinsn_111000111001000_icache_multiword_lookahead,1,4295,5043,352,0,699,16.43,17,5036,5280,95,22,30,73,0,8,0,24,96,25,1,1,100,8,8,100,1,1,1,0,0,0,1,1,1,0,0,1,0,0,0,icache_multiword_lookahead,0
barrel_shifter_enable_mul_enable_div_two_cycle_compare_two_cycle_alu_enable_regs_dualport_catch_illinsn_enable_irq_qregs_111000111001001_icache_multiword_lookahead,1,4318,5385,22,0,718,15.95,16,5084,5280,96,22,30,73,0,8,0,24,96,25,1,1,100,8,8,100,1,1,1,0,0,0,1,1,1,0,0,1,0,0,1,icache_multiword_lookahead,0
barrel_shifter_enable_mul_enable_div_two_cycle_compare_two_cycle_alu_enable_regs_dualport_catch_misalign_111000111010000_icache_multiword_lookahead,1,4306,5262,1076,0,699,16.71,16,5048,5280,95,22,30,73,0,8,0,24,96,25,1,1,100,8,8,100,1,1,1,0,0,0,1,1,1,0,1,0,0,0,0,icache_multiword_lookahead,0
barrel_shifter_enable_mul_enable_div_two_cycle_compare_two_cycle_alu_enable_regs_dualport_catch_misalign_enable_irq_qregs_111000111010001_icache_multiword_lookahead,1,4386,5076,16,0,698,16.05,17,5126,5280,97,22,30,73,0,8,0,24,96,25,1,1,100,8,8,100,1,1,1,0,0,0,1,1,1,0,1,0,0,0,1,icache_multiword_lookahead,0
barrel_shifter_enable_mul_enable_div_two_cycle_compare_two_cycle_alu_enable_regs_dualport_catch_misalign_catch_illinsn_111000111011000_icache_multiword_lookahead,1,4377,5075,1081,0,701,15.96,17,5117,5280,96,22,30,73,0,8,0,24,96,25,1,1,100,8,8,100,1,1,1,0,0,0,1,1,1,0,1,1,0,0,0,icache_multiword_lookahead,0
barrel_shifter_enable_mul_enable_div_two_cycle_compare_two_cycle_alu_enable_regs_dualport_catch_misalign_catch_illinsn_enable_irq_qregs_111000111011001_icache_multiword_lookahead,1,4444,5065,1083,0,701,16.34,16,5182,5280,98,22,30,73,0,8,0,24,96,25,1,1,100,8,8,100,1,1,1,0,0,0,1,1,1,0,1,1,0,0,1,icache_multiword_lookahead,0
barrel_shifter_enable_mul_enable_div_enable_counters_111100000000000_icache_multiword_lookahead,1,0,0,0,0,0,0,0,0,0,0,0,0,0,0,0,0,0,0,0,0,0,0,0,0,0,1,1,1,1,0,0,0,0,0,0,0,0,0,0,0,icache_multiword_lookahead,0
barrel_shifter_enable_mul_enable_div_enable_counters_enable_irq_qregs_111100000000001_icache_multiword_lookahead,1,0,0,0,0,0,0,0,0,0,0,0,0,0,0,0,0,0,0,0,0,0,0,0,0,0,1,1,1,1,0,0,0,0,0,0,0,0,0,0,1,icache_multiword_lookahead,0
barrel_shifter_enable_mul_enable_div_enable_counters_catch_illinsn_111100000001000_icache_multiword_lookahead,1,0,0,0,0,0,0,0,0,0,0,0,0,0,0,0,0,0,0,0,0,0,0,0,0,0,1,1,1,1,0,0,0,0,0,0,0,1,0,0,0,icache_multiword_lookahead,0
barrel_shifter_enable_mul_enable_div_enable_counters_catch_illinsn_enable_irq_qregs_111100000001001_icache_multiword_lookahead,1,0,0,0,0,0,0,0,0,0,0,0,0,0,0,0,0,0,0,0,0,0,0,0,0,0,1,1,1,1,0,0,0,0,0,0,0,1,0,0,1,icache_multiword_lookahead,0
barrel_shifter_enable_mul_enable_div_enable_counters_catch_misalign_111100000010000_icache_multiword_lookahead,1,0,0,0,0,0,0,0,0,0,0,0,0,0,0,0,0,0,0,0,0,0,0,0,0,0,1,1,1,1,0,0,0,0,0,0,1,0,0,0,0,icache_multiword_lookahead,0
barrel_shifter_enable_mul_enable_div_enable_counters_catch_misalign_enable_irq_qregs_111100000010001_icache_multiword_lookahead,1,0,0,0,0,0,0,0,0,0,0,0,0,0,0,0,0,0,0,0,0,0,0,0,0,0,1,1,1,1,0,0,0,0,0,0,1,0,0,0,1,icache_multiword_lookahead,0
barrel_shifter_enable_mul_enable_div_enable_counters_catch_misalign_catch_illinsn_111100000011000_icache_multiword_lookahead,1,0,0,0,0,0,0,0,0,0,0,0,0,0,0,0,0,0,0,0,0,0,0,0,0,0,1,1,1,1,0,0,0,0,0,0,1,1,0,0,0,icache_multiword_lookahead,0
barrel_shifter_enable_mul_enable_div_enable_counters_catch_misalign_catch_illinsn_enable_irq_qregs_111100000011001_icache_multiword_lookahead,1,0,0,0,0,0,0,0,0,0,0,0,0,0,0,0,0,0,0,0,0,0,0,0,0,0,1,1,1,1,0,0,0,0,0,0,1,1,0,0,1,icache_multiword_lookahead,0
barrel_shifter_enable_mul_enable_div_enable_counters_enable_regs_dualport_111100001000000_icache_multiword_lookahead,1,4409,5008,1120,0,776,16.41,15,5158,5280,97,22,30,73,0,8,0,24,96,25,1,1,100,8,8,100,1,1,1,1,0,0,0,0,1,0,0,0,0,0,0,icache_multiword_lookahead,0
barrel_shifter_enable_mul_enable_div_enable_counters_enable_regs_dualport_enable_irq_qregs_111100001000001_icache_multiword_lookahead,1,4410,5350,22,0,776,15.77,17,5160,5280,97,22,30,73,0,8,0,24,96,25,1,1,100,8,8,100,1,1,1,1,0,0,0,0,1,0,0,0,0,0,1,icache_multiword_lookahead,0
barrel_shifter_enable_mul_enable_div_enable_counters_enable_regs_dualport_catch_illinsn_111100001001000_icache_multiword_lookahead,1,4400,5349,22,0,778,16.89,16,5150,5280,97,22,30,73,0,8,0,24,96,25,1,1,100,8,8,100,1,1,1,1,0,0,0,0,1,0,0,1,0,0,0,icache_multiword_lookahead,0
barrel_shifter_enable_mul_enable_div_enable_counters_enable_regs_dualport_catch_illinsn_enable_irq_qregs_111100001001001_icache_multiword_lookahead,1,4407,5361,352,0,778,16.92,17,5157,5280,97,22,30,73,0,8,0,24,96,25,1,1,100,8,8,100,1,1,1,1,0,0,0,0,1,0,0,1,0,0,1,icache_multiword_lookahead,0
barrel_shifter_enable_mul_enable_div_enable_counters_enable_regs_dualport_catch_misalign_111100001010000_icache_multiword_lookahead,1,4414,5348,1122,0,759,16.28,16,5141,5280,97,22,30,73,0,8,0,24,96,25,1,1,100,8,8,100,1,1,1,1,0,0,0,0,1,0,1,0,0,0,0,icache_multiword_lookahead,0
barrel_shifter_enable_mul_enable_div_enable_counters_enable_regs_dualport_catch_misalign_enable_irq_qregs_111100001010001_icache_multiword_lookahead,1,4427,5360,1124,0,759,15.64,16,5156,5280,97,22,30,73,0,8,0,24,96,25,1,1,100,8,8,100,1,1,1,1,0,0,0,0,1,0,1,0,0,0,1,icache_multiword_lookahead,0
barrel_shifter_enable_mul_enable_div_enable_counters_enable_regs_dualport_catch_misalign_catch_illinsn_111100001011000_icache_multiword_lookahead,1,4464,6754,1127,0,760,16.22,17,5189,5280,98,22,30,73,0,8,0,24,96,25,1,1,100,8,8,100,1,1,1,1,0,0,0,0,1,0,1,1,0,0,0,icache_multiword_lookahead,0
barrel_shifter_enable_mul_enable_div_enable_counters_enable_regs_dualport_catch_misalign_catch_illinsn_enable_irq_qregs_111100001011001_icache_multiword_lookahead,1,4405,5371,1129,0,760,15.5,17,5133,5280,97,22,30,73,0,8,0,24,96,25,1,1,100,8,8,100,1,1,1,1,0,0,0,0,1,0,1,1,0,0,1,icache_multiword_lookahead,0
barrel_shifter_enable_mul_enable_div_enable_counters_two_cycle_alu_111100010000000_icache_multiword_lookahead,1,0,0,0,0,0,0,0,0,0,0,0,0,0,0,0,0,0,0,0,0,0,0,0,0,0,1,1,1,1,0,0,0,1,0,0,0,0,0,0,0,icache_multiword_lookahead,0
barrel_shifter_enable_mul_enable_div_enable_counters_two_cycle_alu_enable_irq_qregs_111100010000001_icache_multiword_lookahead,1,0,0,0,0,0,0,0,0,0,0,0,0,0,0,0,0,0,0,0,0,0,0,0,0,0,1,1,1,1,0,0,0,1,0,0,0,0,0,0,1,icache_multiword_lookahead,0
barrel_shifter_enable_mul_enable_div_enable_counters_two_cycle_alu_catch_illinsn_111100010001000_icache_multiword_lookahead,1,0,0,0,0,0,0,0,0,0,0,0,0,0,0,0,0,0,0,0,0,0,0,0,0,0,1,1,1,1,0,0,0,1,0,0,0,1,0,0,0,icache_multiword_lookahead,0
barrel_shifter_enable_mul_enable_div_enable_counters_two_cycle_alu_catch_illinsn_enable_irq_qregs_111100010001001_icache_multiword_lookahead,1,0,0,0,0,0,0,0,0,0,0,0,0,0,0,0,0,0,0,0,0,0,0,0,0,0,1,1,1,1,0,0,0,1,0,0,0,1,0,0,1,icache_multiword_lookahead,0
barrel_shifter_enable_mul_enable_div_enable_counters_two_cycle_alu_catch_misalign_111100010010000_icache_multiword_lookahead,1,0,0,0,0,0,0,0,0,0,0,0,0,0,0,0,0,0,0,0,0,0,0,0,0,0,1,1,1,1,0,0,0,1,0,0,1,0,0,0,0,icache_multiword_lookahead,0
barrel_shifter_enable_mul_enable_div_enable_counters_two_cycle_alu_catch_misalign_enable_irq_qregs_111100010010001_icache_multiword_lookahead,1,0,0,0,0,0,0,0,0,0,0,0,0,0,0,0,0,0,0,0,0,0,0,0,0,0,1,1,1,1,0,0,0,1,0,0,1,0,0,0,1,icache_multiword_lookahead,0
barrel_shifter_enable_mul_enable_div_enable_counters_two_cycle_alu_catch_misalign_catch_illinsn_111100010011000_icache_multiword_lookahead,1,0,0,0,0,0,0,0,0,0,0,0,0,0,0,0,0,0,0,0,0,0,0,0,0,0,1,1,1,1,0,0,0,1,0,0,1,1,0,0,0,icache_multiword_lookahead,0
barrel_shifter_enable_mul_enable_div_enable_counters_two_cycle_alu_catch_misalign_catch_illinsn_enable_irq_qregs_111100010011001_icache_multiword_lookahead,1,0,0,0,0,0,0,0,0,0,0,0,0,0,0,0,0,0,0,0,0,0,0,0,0,0,1,1,1,1,0,0,0,1,0,0,1,1,0,0,1,icache_multiword_lookahead,0
barrel_shifter_enable_mul_enable_div_enable_counters_two_cycle_alu_enable_regs_dualport_111100011000000_icache_multiword_lookahead,1,4445,5225,352,0,776,16.43,16,5210,5280,98,22,30,73,0,8,0,24,96,25,1,1,100,8,8,100,1,1,1,1,0,0,0,1,1,0,0,0,0,0,0,icache_multiword_lookahead,0
barrel_shifter_enable_mul_enable_div_enable_counters_two_cycle_alu_enable_regs_dualport_enable_irq_qregs_111100011000001_icache_multiword_lookahead,1,4454,5567,812,0,776,15.85,16,5220,5280,98,22,30,73,0,8,0,24,96,25,1,1,100,8,8,100,1,1,1,1,0,0,0,1,1,0,0,0,0,0,1,icache_multiword_lookahead,0
barrel_shifter_enable_mul_enable_div_enable_counters_two_cycle_alu_enable_regs_dualport_catch_illinsn_111100011001000_icache_multiword_lookahead,1,4495,6029,352,0,778,16.07,16,5258,5280,99,22,30,73,0,8,0,24,96,25,1,1,100,8,8,100,1,1,1,1,0,0,0,1,1,0,0,1,0,0,0,icache_multiword_lookahead,0
barrel_shifter_enable_mul_enable_div_enable_counters_two_cycle_alu_enable_regs_dualport_catch_illinsn_enable_irq_qregs_111100011001001_icache_multiword_lookahead,1,4505,5578,815,0,778,16.44,16,5271,5280,99,22,30,73,0,8,0,24,96,25,1,1,100,8,8,100,1,1,1,1,0,0,0,1,1,0,0,1,0,0,1,icache_multiword_lookahead,0
barrel_shifter_enable_mul_enable_div_enable_counters_two_cycle_alu_enable_regs_dualport_catch_misalign_111100011010000_icache_multiword_lookahead,1,4509,5455,22,0,759,17.11,16,5252,5280,99,22,30,73,0,8,0,24,96,25,1,1,100,8,8,100,1,1,1,1,0,0,0,1,1,0,1,0,0,0,0,icache_multiword_lookahead,0
barrel_shifter_enable_mul_enable_div_enable_counters_two_cycle_alu_enable_regs_dualport_catch_misalign_enable_irq_qregs_111100011010001_icache_multiword_lookahead,1,4439,4896,4,0,778,16.24,16,5207,5280,98,22,30,73,0,8,0,24,96,25,1,1,100,8,8,100,1,1,1,1,0,0,0,1,1,0,1,0,0,0,1,icache_multiword_lookahead,0
barrel_shifter_enable_mul_enable_div_enable_counters_two_cycle_alu_enable_regs_dualport_catch_misalign_catch_illinsn_111100011011000_icache_multiword_lookahead,1,0,0,0,0,0,0,0,0,0,0,0,0,0,0,0,0,0,0,0,0,0,0,0,0,0,1,1,1,1,0,0,0,1,1,0,1,1,0,0,0,icache_multiword_lookahead,0
barrel_shifter_enable_mul_enable_div_enable_counters_two_cycle_alu_enable_regs_dualport_catch_misalign_catch_illinsn_enable_irq_qregs_111100011011001_icache_multiword_lookahead,1,0,0,0,0,0,0,0,0,0,0,0,0,0,0,0,0,0,0,0,0,0,0,0,0,0,1,1,1,1,0,0,0,1,1,0,1,1,0,0,1,icache_multiword_lookahead,0
barrel_shifter_enable_mul_enable_div_enable_counters_two_cycle_compare_111100100000000_icache_multiword_lookahead,1,0,0,0,0,0,0,0,0,0,0,0,0,0,0,0,0,0,0,0,0,0,0,0,0,0,1,1,1,1,0,0,1,0,0,0,0,0,0,0,0,icache_multiword_lookahead,0
barrel_shifter_enable_mul_enable_div_enable_counters_two_cycle_compare_enable_irq_qregs_111100100000001_icache_multiword_lookahead,1,0,0,0,0,0,0,0,0,0,0,0,0,0,0,0,0,0,0,0,0,0,0,0,0,0,1,1,1,1,0,0,1,0,0,0,0,0,0,0,1,icache_multiword_lookahead,0
barrel_shifter_enable_mul_enable_div_enable_counters_two_cycle_compare_catch_illinsn_111100100001000_icache_multiword_lookahead,1,0,0,0,0,0,0,0,0,0,0,0,0,0,0,0,0,0,0,0,0,0,0,0,0,0,1,1,1,1,0,0,1,0,0,0,0,1,0,0,0,icache_multiword_lookahead,0
barrel_shifter_enable_mul_enable_div_enable_counters_two_cycle_compare_catch_illinsn_enable_irq_qregs_111100100001001_icache_multiword_lookahead,1,0,0,0,0,0,0,0,0,0,0,0,0,0,0,0,0,0,0,0,0,0,0,0,0,0,1,1,1,1,0,0,1,0,0,0,0,1,0,0,1,icache_multiword_lookahead,0
barrel_shifter_enable_mul_enable_div_enable_counters_two_cycle_compare_catch_misalign_111100100010000_icache_multiword_lookahead,1,0,0,0,0,0,0,0,0,0,0,0,0,0,0,0,0,0,0,0,0,0,0,0,0,0,1,1,1,1,0,0,1,0,0,0,1,0,0,0,0,icache_multiword_lookahead,0
barrel_shifter_enable_mul_enable_div_enable_counters_two_cycle_compare_catch_misalign_enable_irq_qregs_111100100010001_icache_multiword_lookahead,1,0,0,0,0,0,0,0,0,0,0,0,0,0,0,0,0,0,0,0,0,0,0,0,0,0,1,1,1,1,0,0,1,0,0,0,1,0,0,0,1,icache_multiword_lookahead,0
barrel_shifter_enable_mul_enable_div_enable_counters_two_cycle_compare_catch_misalign_catch_illinsn_111100100011000_icache_multiword_lookahead,1,0,0,0,0,0,0,0,0,0,0,0,0,0,0,0,0,0,0,0,0,0,0,0,0,0,1,1,1,1,0,0,1,0,0,0,1,1,0,0,0,icache_multiword_lookahead,0
barrel_shifter_enable_mul_enable_div_enable_counters_two_cycle_compare_catch_misalign_catch_illinsn_enable_irq_qregs_111100100011001_icache_multiword_lookahead,1,0,0,0,0,0,0,0,0,0,0,0,0,0,0,0,0,0,0,0,0,0,0,0,0,0,1,1,1,1,0,0,1,0,0,0,1,1,0,0,1,icache_multiword_lookahead,0
barrel_shifter_enable_mul_enable_div_enable_counters_two_cycle_compare_enable_regs_dualport_111100101000000_icache_multiword_lookahead,1,4376,5343,22,0,776,16.4,17,5124,5280,97,22,30,73,0,8,0,24,96,25,1,1,100,8,8,100,1,1,1,1,0,0,1,0,1,0,0,0,0,0,0,icache_multiword_lookahead,0
barrel_shifter_enable_mul_enable_div_enable_counters_two_cycle_compare_enable_regs_dualport_enable_irq_qregs_111100101000001_icache_multiword_lookahead,1,4378,5019,1123,0,776,16.44,17,5128,5280,97,22,30,73,0,8,0,24,96,25,1,1,100,8,8,100,1,1,1,1,0,0,1,0,1,0,0,0,0,0,1,icache_multiword_lookahead,0
barrel_shifter_enable_mul_enable_div_enable_counters_two_cycle_compare_enable_regs_dualport_catch_illinsn_111100101001000_icache_multiword_lookahead,1,4429,5244,44,0,778,15.65,15,5179,5280,98,22,30,73,0,8,0,24,96,25,1,1,100,8,8,100,1,1,1,1,0,0,1,0,1,0,0,1,0,0,0,icache_multiword_lookahead,0
barrel_shifter_enable_mul_enable_div_enable_counters_two_cycle_compare_enable_regs_dualport_catch_illinsn_enable_irq_qregs_111100101001001_icache_multiword_lookahead,1,4421,5030,352,0,758,16.49,17,5146,5280,97,22,30,73,0,8,0,24,96,25,1,1,100,8,8,100,1,1,1,1,0,0,1,0,1,0,0,1,0,0,1,icache_multiword_lookahead,0
barrel_shifter_enable_mul_enable_div_enable_counters_two_cycle_compare_enable_regs_dualport_catch_misalign_111100101010000_icache_multiword_lookahead,1,4464,5023,16,0,727,16.21,17,5193,5280,98,22,30,73,0,8,0,24,96,25,1,1,100,8,8,100,1,1,1,1,0,0,1,0,1,0,1,0,0,0,0,icache_multiword_lookahead,0
barrel_shifter_enable_mul_enable_div_enable_counters_two_cycle_compare_enable_regs_dualport_catch_misalign_enable_irq_qregs_111100101010001_icache_multiword_lookahead,1,4427,5057,16,0,727,16.08,16,5157,5280,97,22,30,73,0,8,0,24,96,25,1,1,100,8,8,100,1,1,1,1,0,0,1,0,1,0,1,0,0,0,1,icache_multiword_lookahead,0
barrel_shifter_enable_mul_enable_div_enable_counters_two_cycle_compare_enable_regs_dualport_catch_misalign_catch_illinsn_111100101011000_icache_multiword_lookahead,1,4453,5364,16,0,760,16.12,16,5182,5280,98,22,30,73,0,8,0,24,96,25,1,1,100,8,8,100,1,1,1,1,0,0,1,0,1,0,1,1,0,0,0,icache_multiword_lookahead,0
barrel_shifter_enable_mul_enable_div_enable_counters_two_cycle_compare_enable_regs_dualport_catch_misalign_catch_illinsn_enable_irq_qregs_111100101011001_icache_multiword_lookahead,1,4438,5266,16,0,761,15.85,16,5164,5280,97,22,30,73,0,8,0,24,96,25,1,1,100,8,8,100,1,1,1,1,0,0,1,0,1,0,1,1,0,0,1,icache_multiword_lookahead,0
barrel_shifter_enable_mul_enable_div_enable_counters_two_cycle_compare_two_cycle_alu_111100110000000_icache_multiword_lookahead,1,0,0,0,0,0,0,0,0,0,0,0,0,0,0,0,0,0,0,0,0,0,0,0,0,0,1,1,1,1,0,0,1,1,0,0,0,0,0,0,0,icache_multiword_lookahead,0
barrel_shifter_enable_mul_enable_div_enable_counters_two_cycle_compare_two_cycle_alu_enable_irq_qregs_111100110000001_icache_multiword_lookahead,1,0,0,0,0,0,0,0,0,0,0,0,0,0,0,0,0,0,0,0,0,0,0,0,0,0,1,1,1,1,0,0,1,1,0,0,0,0,0,0,1,icache_multiword_lookahead,0
barrel_shifter_enable_mul_enable_div_enable_counters_two_cycle_compare_two_cycle_alu_catch_illinsn_111100110001000_icache_multiword_lookahead,1,0,0,0,0,0,0,0,0,0,0,0,0,0,0,0,0,0,0,0,0,0,0,0,0,0,1,1,1,1,0,0,1,1,0,0,0,1,0,0,0,icache_multiword_lookahead,0
barrel_shifter_enable_mul_enable_div_enable_counters_two_cycle_compare_two_cycle_alu_catch_illinsn_enable_irq_qregs_111100110001001_icache_multiword_lookahead,1,0,0,0,0,0,0,0,0,0,0,0,0,0,0,0,0,0,0,0,0,0,0,0,0,0,1,1,1,1,0,0,1,1,0,0,0,1,0,0,1,icache_multiword_lookahead,0
barrel_shifter_enable_mul_enable_div_enable_counters_two_cycle_compare_two_cycle_alu_catch_misalign_111100110010000_icache_multiword_lookahead,1,0,0,0,0,0,0,0,0,0,0,0,0,0,0,0,0,0,0,0,0,0,0,0,0,0,1,1,1,1,0,0,1,1,0,0,1,0,0,0,0,icache_multiword_lookahead,0
barrel_shifter_enable_mul_enable_div_enable_counters_two_cycle_compare_two_cycle_alu_catch_misalign_enable_irq_qregs_111100110010001_icache_multiword_lookahead,1,0,0,0,0,0,0,0,0,0,0,0,0,0,0,0,0,0,0,0,0,0,0,0,0,0,1,1,1,1,0,0,1,1,0,0,1,0,0,0,1,icache_multiword_lookahead,0
barrel_shifter_enable_mul_enable_div_enable_counters_two_cycle_compare_two_cycle_alu_catch_misalign_catch_illinsn_111100110011000_icache_multiword_lookahead,1,0,0,0,0,0,0,0,0,0,0,0,0,0,0,0,0,0,0,0,0,0,0,0,0,0,1,1,1,1,0,0,1,1,0,0,1,1,0,0,0,icache_multiword_lookahead,0
barrel_shifter_enable_mul_enable_div_enable_counters_two_cycle_compare_two_cycle_alu_catch_misalign_catch_illinsn_enable_irq_qregs_111100110011001_icache_multiword_lookahead,1,0,0,0,0,0,0,0,0,0,0,0,0,0,0,0,0,0,0,0,0,0,0,0,0,0,1,1,1,1,0,0,1,1,0,0,1,1,0,0,1,icache_multiword_lookahead,0
barrel_shifter_enable_mul_enable_div_enable_counters_two_cycle_compare_two_cycle_alu_enable_regs_dualport_111100111000000_icache_multiword_lookahead,1,4503,6020,352,0,776,16.08,16,5269,5280,99,22,30,73,0,8,0,24,96,25,1,1,100,8,8,100,1,1,1,1,0,0,1,1,1,0,0,0,0,0,0,icache_multiword_lookahead,0
barrel_shifter_enable_mul_enable_div_enable_counters_two_cycle_compare_two_cycle_alu_enable_regs_dualport_enable_irq_qregs_111100111000001_icache_multiword_lookahead,1,4509,5264,812,0,776,16.49,16,5274,5280,99,22,30,73,0,8,0,24,96,25,1,1,100,8,8,100,1,1,1,1,0,0,1,1,1,0,0,0,0,0,1,icache_multiword_lookahead,0
barrel_shifter_enable_mul_enable_div_enable_counters_two_cycle_compare_two_cycle_alu_enable_regs_dualport_catch_illinsn_111100111001000_icache_multiword_lookahead,1,4439,5241,815,0,778,16.59,15,5204,5280,98,22,30,73,0,8,0,24,96,25,1,1,100,8,8,100,1,1,1,1,0,0,1,1,1,0,0,1,0,0,0,icache_multiword_lookahead,0
barrel_shifter_enable_mul_enable_div_enable_counters_two_cycle_compare_two_cycle_alu_enable_regs_dualport_catch_illinsn_enable_irq_qregs_111100111001001_icache_multiword_lookahead,1,4464,5583,815,0,758,16.36,16,5208,5280,98,22,30,73,0,8,0,24,96,25,1,1,100,8,8,100,1,1,1,1,0,0,1,1,1,0,0,1,0,0,1,icache_multiword_lookahead,0
barrel_shifter_enable_mul_enable_div_enable_counters_two_cycle_compare_two_cycle_alu_enable_regs_dualport_catch_misalign_111100111010000_icache_multiword_lookahead,1,4523,5224,22,0,758,16.49,16,5267,5280,99,22,30,73,0,8,0,24,96,25,1,1,100,8,8,100,1,1,1,1,0,0,1,1,1,0,1,0,0,0,0,icache_multiword_lookahead,0
barrel_shifter_enable_mul_enable_div_enable_counters_two_cycle_compare_two_cycle_alu_enable_regs_dualport_catch_misalign_enable_irq_qregs_111100111010001_icache_multiword_lookahead,1,4494,5472,4,0,758,15.7,16,5240,5280,99,22,30,73,0,8,0,24,96,25,1,1,100,8,8,100,1,1,1,1,0,0,1,1,1,0,1,0,0,0,1,icache_multiword_lookahead,0
barrel_shifter_enable_mul_enable_div_enable_counters_two_cycle_compare_two_cycle_alu_enable_regs_dualport_catch_misalign_catch_illinsn_111100111011000_icache_multiword_lookahead,1,4473,5235,352,0,761,16.65,16,5218,5280,98,22,30,73,0,8,0,24,96,25,1,1,100,8,8,100,1,1,1,1,0,0,1,1,1,0,1,1,0,0,0,icache_multiword_lookahead,0
barrel_shifter_enable_mul_enable_div_enable_counters_two_cycle_compare_two_cycle_alu_enable_regs_dualport_catch_misalign_catch_illinsn_enable_irq_qregs_111100111011001_icache_multiword_lookahead,1,4461,5483,4,0,760,15.45,16,5202,5280,98,22,30,73,0,8,0,24,96,25,1,1,100,8,8,100,1,1,1,1,0,0,1,1,1,0,1,1,0,0,1,icache_multiword_lookahead,0
