config,tests_pass,div_test_pass,icache_test_pass,luts,ffs,brams,dsps,carry_cells,fmax_mhz,logic_levels,lc_used,lc_total,lc_percent,ram_used,ram_total,ram_percent,dsp_used,dsp_total,dsp_percent,io_used,io_total,io_percent,pll_used,pll_total,pll_percent,gb_used,gb_total,gb_percent,barrel_shifter,enable_mul,enable_div,enable_counters,enable_compressed,two_cycle_compare,two_cycle_alu,enable_regs_dualport,enable_counters64,catch_misalign,catch_illinsn,latched_mem_rdata,use_clk_divider,enable_irq_qregs,cache_lines,cache_words_per_line,cache_module,enable_fast_mul
enable_mul_enable_div_enable_regs_dualport_01100001000000_l16_w1_icache_multiword_lookahead,1,1,1,3467,4945,4,0,687,18.49,14,4189,5280,79,8,30,26,0,8,0,24,96,25,1,1,100,8,8,100,0,1,1,0,0,0,0,1,0,0,0,0,0,0,16,1,icache_multiword_lookahead,0
enable_mul_enable_div_enable_regs_dualport_01100001000000_l16_w2_icache_multiword_lookahead,1,1,1,3431,4341,722,0,687,17.88,14,4158,5280,78,8,30,26,0,8,0,24,96,25,1,1,100,8,8,100,0,1,1,0,0,0,0,1,0,0,0,0,0,0,16,2,icache_multiword_lookahead,0
enable_mul_enable_div_enable_regs_dualport_01100001000000_l16_w4_icache_multiword_lookahead,1,1,1,3463,4341,722,0,686,18.2,15,4182,5280,79,8,30,26,0,8,0,24,96,25,1,1,100,8,8,100,0,1,1,0,0,0,0,1,0,0,0,0,0,0,16,4,icache_multiword_lookahead,0
enable_mul_enable_div_enable_regs_dualport_01100001000000_l16_w8_icache_multiword_lookahead,1,1,1,3418,4229,724,0,688,17.36,15,4144,5280,78,8,30,26,0,8,0,24,96,25,1,1,100,8,8,100,0,1,1,0,0,0,0,1,0,0,0,0,0,0,16,8,icache_multiword_lookahead,0
enable_mul_enable_div_enable_regs_dualport_01100001000000_l16_w16_icache_multiword_lookahead,1,1,1,3444,4341,725,0,688,17.67,13,4166,5280,78,8,30,26,0,8,0,24,96,25,1,1,100,8,8,100,0,1,1,0,0,0,0,1,0,0,0,0,0,0,16,16,icache_multiword_lookahead,0
enable_mul_enable_div_enable_regs_dualport_01100001000000_l32_w1_icache_multiword_lookahead,1,1,1,3508,4990,701,0,687,16.58,15,4234,5280,80,8,30,26,0,8,0,24,96,25,1,1,100,8,8,100,0,1,1,0,0,0,0,1,0,0,0,0,0,0,32,1,icache_multiword_lookahead,0
enable_mul_enable_div_enable_regs_dualport_01100001000000_l32_w2_icache_multiword_lookahead,1,1,1,3468,4980,1498,0,687,18.35,13,4193,5280,79,8,30,26,0,8,0,24,96,25,1,1,100,8,8,100,0,1,1,0,0,0,0,1,0,0,0,0,0,0,32,2,icache_multiword_lookahead,0
enable_mul_enable_div_enable_regs_dualport_01100001000000_l32_w4_icache_multiword_lookahead,1,1,1,3447,4980,1498,0,687,18.59,14,4171,5280,78,8,30,26,0,8,0,24,96,25,1,1,100,8,8,100,0,1,1,0,0,0,0,1,0,0,0,0,0,0,32,4,icache_multiword_lookahead,0
enable_mul_enable_div_enable_regs_dualport_01100001000000_l32_w8_icache_multiword_lookahead,1,1,1,3448,4982,1498,0,688,17.96,15,4175,5280,79,8,30,26,0,8,0,24,96,25,1,1,100,8,8,100,0,1,1,0,0,0,0,1,0,0,0,0,0,0,32,8,icache_multiword_lookahead,0
enable_mul_enable_div_enable_regs_dualport_01100001000000_l32_w16_icache_multiword_lookahead,1,1,1,3491,4262,1498,0,688,18.01,14,4212,5280,79,10,30,33,0,8,0,24,96,25,1,1,100,8,8,100,0,1,1,0,0,0,0,1,0,0,0,0,0,0,32,16,icache_multiword_lookahead,0
enable_mul_enable_div_enable_regs_dualport_01100001000000_l64_w1_icache_multiword_lookahead,1,1,1,3539,5083,1533,0,687,18.31,14,4266,5280,80,8,30,26,0,8,0,24,96,25,1,1,100,8,8,100,0,1,1,0,0,0,0,1,0,0,0,0,0,0,64,1,icache_multiword_lookahead,0
enable_mul_enable_div_enable_regs_dualport_01100001000000_l64_w2_icache_multiword_lookahead,1,1,1,3589,5073,1529,0,687,17.61,14,4304,5280,81,8,30,26,0,8,0,24,96,25,1,1,100,8,8,100,0,1,1,0,0,0,0,1,0,0,0,0,0,0,64,2,icache_multiword_lookahead,0
enable_mul_enable_div_enable_regs_dualport_01100001000000_l64_w4_icache_multiword_lookahead,1,1,1,3553,5073,1529,0,686,19.35,13,4269,5280,80,8,30,26,0,8,0,24,96,25,1,1,100,8,8,100,0,1,1,0,0,0,0,1,0,0,0,0,0,0,64,4,icache_multiword_lookahead,0
enable_mul_enable_div_enable_regs_dualport_01100001000000_l64_w8_icache_multiword_lookahead,1,1,1,3514,4355,1529,0,688,18.79,14,4236,5280,80,10,30,33,0,8,0,24,96,25,1,1,100,8,8,100,0,1,1,0,0,0,0,1,0,0,0,0,0,0,64,8,icache_multiword_lookahead,0
enable_mul_enable_div_enable_regs_dualport_01100001000000_l64_w16_icache_multiword_lookahead,1,1,1,3528,4359,1529,0,690,16.69,15,4251,5280,80,14,30,46,0,8,0,24,96,25,1,1,100,8,8,100,0,1,1,0,0,0,0,1,0,0,0,0,0,0,64,16,icache_multiword_lookahead,0
enable_mul_enable_div_enable_regs_dualport_01100001000000_l128_w1_icache_multiword_lookahead,1,1,1,3762,4558,1596,0,687,18.16,14,4489,5280,85,8,30,26,0,8,0,24,96,25,1,1,100,8,8,100,0,1,1,0,0,0,0,1,0,0,0,0,0,0,128,1,icache_multiword_lookahead,0
enable_mul_enable_div_enable_regs_dualport_01100001000000_l128_w2_icache_multiword_lookahead,1,1,1,3716,4548,1592,0,687,18.42,13,4436,5280,84,8,30,26,0,8,0,24,96,25,1,1,100,8,8,100,0,1,1,0,0,0,0,1,0,0,0,0,0,0,128,2,icache_multiword_lookahead,0
enable_mul_enable_div_enable_regs_dualport_01100001000000_l128_w4_icache_multiword_lookahead,1,1,1,3662,4650,4,0,686,17.47,15,4381,5280,82,10,30,33,0,8,0,24,96,25,1,1,100,8,8,100,0,1,1,0,0,0,0,1,0,0,0,0,0,0,128,4,icache_multiword_lookahead,0
enable_mul_enable_div_enable_regs_dualport_01100001000000_l128_w8_icache_multiword_lookahead,1,1,1,3664,4546,864,0,689,18.5,14,4382,5280,82,14,30,46,0,8,0,24,96,25,1,1,100,8,8,100,0,1,1,0,0,0,0,1,0,0,0,0,0,0,128,8,icache_multiword_lookahead,0
enable_mul_enable_div_enable_regs_dualport_01100001000000_l128_w16_icache_multiword_lookahead,1,1,1,3680,4562,1592,0,688,17.8,14,4401,5280,83,22,30,73,0,8,0,24,96,25,1,1,100,8,8,100,0,1,1,0,0,0,0,1,0,0,0,0,0,0,128,16,icache_multiword_lookahead,0
enable_mul_enable_div_enable_regs_dualport_enable_irq_qregs_01100001000001_l16_w1_icache_multiword_lookahead,1,1,1,3483,4945,4,0,686,18.01,14,4207,5280,79,8,30,26,0,8,0,24,96,25,1,1,100,8,8,100,0,1,1,0,0,0,0,1,0,0,0,0,0,1,16,1,icache_multiword_lookahead,0
enable_mul_enable_div_enable_regs_dualport_enable_irq_qregs_01100001000001_l16_w2_icache_multiword_lookahead,1,1,1,3416,4341,722,0,687,19.22,13,4144,5280,78,8,30,26,0,8,0,24,96,25,1,1,100,8,8,100,0,1,1,0,0,0,0,1,0,0,0,0,0,1,16,2,icache_multiword_lookahead,0
enable_mul_enable_div_enable_regs_dualport_enable_irq_qregs_01100001000001_l16_w4_icache_multiword_lookahead,1,1,1,3460,4341,722,0,686,19.56,13,4179,5280,79,8,30,26,0,8,0,24,96,25,1,1,100,8,8,100,0,1,1,0,0,0,0,1,0,0,0,0,0,1,16,4,icache_multiword_lookahead,0
enable_mul_enable_div_enable_regs_dualport_enable_irq_qregs_01100001000001_l16_w8_icache_multiword_lookahead,1,1,1,3411,4229,724,0,688,17.47,14,4138,5280,78,8,30,26,0,8,0,24,96,25,1,1,100,8,8,100,0,1,1,0,0,0,0,1,0,0,0,0,0,1,16,8,icache_multiword_lookahead,0
enable_mul_enable_div_enable_regs_dualport_enable_irq_qregs_01100001000001_l16_w16_icache_multiword_lookahead,1,1,1,3440,4301,725,0,688,17.35,14,4161,5280,78,8,30,26,0,8,0,24,96,25,1,1,100,8,8,100,0,1,1,0,0,0,0,1,0,0,0,0,0,1,16,16,icache_multiword_lookahead,0
enable_mul_enable_div_enable_regs_dualport_enable_irq_qregs_01100001000001_l32_w1_icache_multiword_lookahead,1,1,1,3540,4990,701,0,656,17.68,14,4262,5280,80,8,30,26,0,8,0,24,96,25,1,1,100,8,8,100,0,1,1,0,0,0,0,1,0,0,0,0,0,1,32,1,icache_multiword_lookahead,0
enable_mul_enable_div_enable_regs_dualport_enable_irq_qregs_01100001000001_l32_w2_icache_multiword_lookahead,1,1,1,3529,4980,1498,0,687,18.64,14,4248,5280,80,8,30,26,0,8,0,24,96,25,1,1,100,8,8,100,0,1,1,0,0,0,0,1,0,0,0,0,0,1,32,2,icache_multiword_lookahead,0
enable_mul_enable_div_enable_regs_dualport_enable_irq_qregs_01100001000001_l32_w4_icache_multiword_lookahead,1,1,1,3461,4980,1498,0,686,17.33,14,4184,5280,79,8,30,26,0,8,0,24,96,25,1,1,100,8,8,100,0,1,1,0,0,0,0,1,0,0,0,0,0,1,32,4,icache_multiword_lookahead,0
enable_mul_enable_div_enable_regs_dualport_enable_irq_qregs_01100001000001_l32_w8_icache_multiword_lookahead,1,1,1,3474,4982,1498,0,688,18.77,13,4196,5280,79,8,30,26,0,8,0,24,96,25,1,1,100,8,8,100,0,1,1,0,0,0,0,1,0,0,0,0,0,1,32,8,icache_multiword_lookahead,0
enable_mul_enable_div_enable_regs_dualport_enable_irq_qregs_01100001000001_l32_w16_icache_multiword_lookahead,1,1,1,3467,4262,1498,0,689,18.61,14,4188,5280,79,10,30,33,0,8,0,24,96,25,1,1,100,8,8,100,0,1,1,0,0,0,0,1,0,0,0,0,0,1,32,16,icache_multiword_lookahead,0
enable_mul_enable_div_enable_regs_dualport_enable_irq_qregs_01100001000001_l64_w1_icache_multiword_lookahead,1,1,1,3530,5083,1533,0,687,18.06,14,4258,5280,80,8,30,26,0,8,0,24,96,25,1,1,100,8,8,100,0,1,1,0,0,0,0,1,0,0,0,0,0,1,64,1,icache_multiword_lookahead,0
enable_mul_enable_div_enable_regs_dualport_enable_irq_qregs_01100001000001_l64_w2_icache_multiword_lookahead,1,1,1,3562,5073,1529,0,687,18.26,15,4280,5280,81,8,30,26,0,8,0,24,96,25,1,1,100,8,8,100,0,1,1,0,0,0,0,1,0,0,0,0,0,1,64,2,icache_multiword_lookahead,0
enable_mul_enable_div_enable_regs_dualport_enable_irq_qregs_01100001000001_l64_w4_icache_multiword_lookahead,1,1,1,3551,5073,1529,0,687,18.15,14,4271,5280,80,8,30,26,0,8,0,24,96,25,1,1,100,8,8,100,0,1,1,0,0,0,0,1,0,0,0,0,0,1,64,4,icache_multiword_lookahead,0
enable_mul_enable_div_enable_regs_dualport_enable_irq_qregs_01100001000001_l64_w8_icache_multiword_lookahead,1,1,1,3511,4355,1529,0,688,17.92,15,4232,5280,80,10,30,33,0,8,0,24,96,25,1,1,100,8,8,100,0,1,1,0,0,0,0,1,0,0,0,0,0,1,64,8,icache_multiword_lookahead,0
enable_mul_enable_div_enable_regs_dualport_enable_irq_qregs_01100001000001_l64_w16_icache_multiword_lookahead,1,1,1,3578,4359,1529,0,690,17.53,14,4295,5280,81,14,30,46,0,8,0,24,96,25,1,1,100,8,8,100,0,1,1,0,0,0,0,1,0,0,0,0,0,1,64,16,icache_multiword_lookahead,0
enable_mul_enable_div_enable_regs_dualport_enable_irq_qregs_01100001000001_l128_w1_icache_multiword_lookahead,1,1,1,3724,4558,1596,0,687,18.99,13,4451,5280,84,8,30,26,0,8,0,24,96,25,1,1,100,8,8,100,0,1,1,0,0,0,0,1,0,0,0,0,0,1,128,1,icache_multiword_lookahead,0
enable_mul_enable_div_enable_regs_dualport_enable_irq_qregs_01100001000001_l128_w2_icache_multiword_lookahead,1,1,1,3707,4548,1592,0,687,18.49,14,4429,5280,83,8,30,26,0,8,0,24,96,25,1,1,100,8,8,100,0,1,1,0,0,0,0,1,0,0,0,0,0,1,128,2,icache_multiword_lookahead,0
enable_mul_enable_div_enable_regs_dualport_enable_irq_qregs_01100001000001_l128_w4_icache_multiword_lookahead,1,1,1,3707,4650,4,0,686,18.14,15,4425,5280,83,10,30,33,0,8,0,24,96,25,1,1,100,8,8,100,0,1,1,0,0,0,0,1,0,0,0,0,0,1,128,4,icache_multiword_lookahead,0
enable_mul_enable_div_enable_regs_dualport_enable_irq_qregs_01100001000001_l128_w8_icache_multiword_lookahead,1,1,1,3713,4546,864,0,689,17.19,15,4427,5280,83,14,30,46,0,8,0,24,96,25,1,1,100,8,8,100,0,1,1,0,0,0,0,1,0,0,0,0,0,1,128,8,icache_multiword_lookahead,0
enable_mul_enable_div_enable_regs_dualport_enable_irq_qregs_01100001000001_l128_w16_icache_multiword_lookahead,1,1,1,3680,4562,1592,0,688,17.95,15,4401,5280,83,22,30,73,0,8,0,24,96,25,1,1,100,8,8,100,0,1,1,0,0,0,0,1,0,0,0,0,0,1,128,16,icache_multiword_lookahead,0
enable_mul_enable_div_two_cycle_alu_enable_regs_dualport_01100011000000_l16_w1_icache_multiword_lookahead,1,1,1,3522,5018,686,0,667,18.34,15,4222,5280,79,8,30,26,0,8,0,24,96,25,1,1,100,8,8,100,0,1,1,0,0,0,1,1,0,0,0,0,0,0,16,1,icache_multiword_lookahead,0
enable_mul_enable_div_two_cycle_alu_enable_regs_dualport_01100011000000_l16_w2_icache_multiword_lookahead,1,1,1,3438,5008,1519,0,667,18.59,15,4142,5280,78,8,30,26,0,8,0,24,96,25,1,1,100,8,8,100,0,1,1,0,0,0,1,1,0,0,0,0,0,0,16,2,icache_multiword_lookahead,0
enable_mul_enable_div_two_cycle_alu_enable_regs_dualport_01100011000000_l16_w4_icache_multiword_lookahead,1,1,1,3440,5008,1519,0,666,19.63,13,4139,5280,78,8,30,26,0,8,0,24,96,25,1,1,100,8,8,100,0,1,1,0,0,0,1,1,0,0,0,0,0,0,16,4,icache_multiword_lookahead,0
enable_mul_enable_div_two_cycle_alu_enable_regs_dualport_01100011000000_l16_w8_icache_multiword_lookahead,1,1,1,3447,5010,687,0,668,19.44,14,4149,5280,78,8,30,26,0,8,0,24,96,25,1,1,100,8,8,100,0,1,1,0,0,0,1,1,0,0,0,0,0,0,16,8,icache_multiword_lookahead,0
enable_mul_enable_div_two_cycle_alu_enable_regs_dualport_01100011000000_l16_w16_icache_multiword_lookahead,1,1,1,3461,5011,688,0,669,19.42,14,4161,5280,78,8,30,26,0,8,0,24,96,25,1,1,100,8,8,100,0,1,1,0,0,0,1,1,0,0,0,0,0,0,16,16,icache_multiword_lookahead,0
enable_mul_enable_div_two_cycle_alu_enable_regs_dualport_01100011000000_l32_w1_icache_multiword_lookahead,1,1,1,3576,5063,1538,0,667,18.22,14,4276,5280,80,8,30,26,0,8,0,24,96,25,1,1,100,8,8,100,0,1,1,0,0,0,1,1,0,0,0,0,0,0,32,1,icache_multiword_lookahead,0
enable_mul_enable_div_two_cycle_alu_enable_regs_dualport_01100011000000_l32_w2_icache_multiword_lookahead,1,1,1,3524,5053,701,0,667,19,13,4224,5280,80,8,30,26,0,8,0,24,96,25,1,1,100,8,8,100,0,1,1,0,0,0,1,1,0,0,0,0,0,0,32,2,icache_multiword_lookahead,0
enable_mul_enable_div_two_cycle_alu_enable_regs_dualport_01100011000000_l32_w4_icache_multiword_lookahead,1,1,1,3450,5053,1534,0,667,19.03,13,4147,5280,78,8,30,26,0,8,0,24,96,25,1,1,100,8,8,100,0,1,1,0,0,0,1,1,0,0,0,0,0,0,32,4,icache_multiword_lookahead,0
enable_mul_enable_div_two_cycle_alu_enable_regs_dualport_01100011000000_l32_w8_icache_multiword_lookahead,1,1,1,3514,5055,703,0,668,19.33,15,4211,5280,79,8,30,26,0,8,0,24,96,25,1,1,100,8,8,100,0,1,1,0,0,0,1,1,0,0,0,0,0,0,32,8,icache_multiword_lookahead,0
enable_mul_enable_div_two_cycle_alu_enable_regs_dualport_01100011000000_l32_w16_icache_multiword_lookahead,1,1,1,3440,5056,726,0,668,18.83,13,4142,5280,78,10,30,33,0,8,0,24,96,25,1,1,100,8,8,100,0,1,1,0,0,0,1,1,0,0,0,0,0,0,32,16,icache_multiword_lookahead,0
enable_mul_enable_div_two_cycle_alu_enable_regs_dualport_01100011000000_l64_w1_icache_multiword_lookahead,1,1,1,3644,5156,128,0,667,19.52,13,4343,5280,82,8,30,26,0,8,0,24,96,25,1,1,100,8,8,100,0,1,1,0,0,0,1,1,0,0,0,0,0,0,64,1,icache_multiword_lookahead,0
enable_mul_enable_div_two_cycle_alu_enable_regs_dualport_01100011000000_l64_w2_icache_multiword_lookahead,1,1,1,3567,5146,16,0,667,20.04,14,4258,5280,80,8,30,26,0,8,0,24,96,25,1,1,100,8,8,100,0,1,1,0,0,0,1,1,0,0,0,0,0,0,64,2,icache_multiword_lookahead,0
enable_mul_enable_div_two_cycle_alu_enable_regs_dualport_01100011000000_l64_w4_icache_multiword_lookahead,1,1,1,3577,5146,128,0,667,18.73,14,4275,5280,80,8,30,26,0,8,0,24,96,25,1,1,100,8,8,100,0,1,1,0,0,0,1,1,0,0,0,0,0,0,64,4,icache_multiword_lookahead,0
enable_mul_enable_div_two_cycle_alu_enable_regs_dualport_01100011000000_l64_w8_icache_multiword_lookahead,1,1,1,3577,4428,4,0,668,18.86,14,4270,5280,80,10,30,33,0,8,0,24,96,25,1,1,100,8,8,100,0,1,1,0,0,0,1,1,0,0,0,0,0,0,64,8,icache_multiword_lookahead,0
enable_mul_enable_div_two_cycle_alu_enable_regs_dualport_01100011000000_l64_w16_icache_multiword_lookahead,1,1,1,3530,4432,725,0,669,18.84,14,4229,5280,80,14,30,46,0,8,0,24,96,25,1,1,100,8,8,100,0,1,1,0,0,0,1,1,0,0,0,0,0,0,64,16,icache_multiword_lookahead,0
enable_mul_enable_div_two_cycle_alu_enable_regs_dualport_01100011000000_l128_w1_icache_multiword_lookahead,1,1,1,3804,5421,1632,0,667,18.54,15,4507,5280,85,8,30,26,0,8,0,24,96,25,1,1,100,8,8,100,0,1,1,0,0,0,1,1,0,0,0,0,0,0,128,1,icache_multiword_lookahead,0
enable_mul_enable_div_two_cycle_alu_enable_regs_dualport_01100011000000_l128_w2_icache_multiword_lookahead,1,1,1,3715,5335,1628,0,667,19.18,13,4410,5280,83,8,30,26,0,8,0,24,96,25,1,1,100,8,8,100,0,1,1,0,0,0,1,1,0,0,0,0,0,0,128,2,icache_multiword_lookahead,0
enable_mul_enable_div_two_cycle_alu_enable_regs_dualport_01100011000000_l128_w4_icache_multiword_lookahead,1,1,1,3690,5433,6,0,667,19.66,13,4390,5280,83,10,30,33,0,8,0,24,96,25,1,1,100,8,8,100,0,1,1,0,0,0,1,1,0,0,0,0,0,0,128,4,icache_multiword_lookahead,0
enable_mul_enable_div_two_cycle_alu_enable_regs_dualport_01100011000000_l128_w8_icache_multiword_lookahead,1,1,1,3700,5337,6,0,669,19.21,14,4397,5280,83,14,30,46,0,8,0,24,96,25,1,1,100,8,8,100,0,1,1,0,0,0,1,1,0,0,0,0,0,0,128,8,icache_multiword_lookahead,0
enable_mul_enable_div_two_cycle_alu_enable_regs_dualport_01100011000000_l128_w16_icache_multiword_lookahead,1,1,1,3710,5567,6,0,668,19.07,14,4404,5280,83,22,30,73,0,8,0,24,96,25,1,1,100,8,8,100,0,1,1,0,0,0,1,1,0,0,0,0,0,0,128,16,icache_multiword_lookahead,0
enable_mul_enable_div_two_cycle_alu_enable_regs_dualport_enable_irq_qregs_01100011000001_l16_w1_icache_multiword_lookahead,1,1,1,3533,5018,686,0,667,18.87,13,4231,5280,80,8,30,26,0,8,0,24,96,25,1,1,100,8,8,100,0,1,1,0,0,0,1,1,0,0,0,0,0,1,16,1,icache_multiword_lookahead,0
enable_mul_enable_div_two_cycle_alu_enable_regs_dualport_enable_irq_qregs_01100011000001_l16_w2_icache_multiword_lookahead,1,1,1,3468,5008,1519,0,667,18.24,13,4169,5280,78,8,30,26,0,8,0,24,96,25,1,1,100,8,8,100,0,1,1,0,0,0,1,1,0,0,0,0,0,1,16,2,icache_multiword_lookahead,0
enable_mul_enable_div_two_cycle_alu_enable_regs_dualport_enable_irq_qregs_01100011000001_l16_w4_icache_multiword_lookahead,1,1,1,3457,5008,1519,0,667,18.54,14,4144,5280,78,8,30,26,0,8,0,24,96,25,1,1,100,8,8,100,0,1,1,0,0,0,1,1,0,0,0,0,0,1,16,4,icache_multiword_lookahead,0
enable_mul_enable_div_two_cycle_alu_enable_regs_dualport_enable_irq_qregs_01100011000001_l16_w8_icache_multiword_lookahead,1,1,1,3478,5010,687,0,668,18.93,14,4169,5280,78,8,30,26,0,8,0,24,96,25,1,1,100,8,8,100,0,1,1,0,0,0,1,1,0,0,0,0,0,1,16,8,icache_multiword_lookahead,0
enable_mul_enable_div_two_cycle_alu_enable_regs_dualport_enable_irq_qregs_01100011000001_l16_w16_icache_multiword_lookahead,1,1,1,3450,5011,688,0,668,18.97,13,4146,5280,78,8,30,26,0,8,0,24,96,25,1,1,100,8,8,100,0,1,1,0,0,0,1,1,0,0,0,0,0,1,16,16,icache_multiword_lookahead,0
enable_mul_enable_div_two_cycle_alu_enable_regs_dualport_enable_irq_qregs_01100011000001_l32_w1_icache_multiword_lookahead,1,1,1,3545,5063,1538,0,666,18.25,13,4242,5280,80,8,30,26,0,8,0,24,96,25,1,1,100,8,8,100,0,1,1,0,0,0,1,1,0,0,0,0,0,1,32,1,icache_multiword_lookahead,0
enable_mul_enable_div_two_cycle_alu_enable_regs_dualport_enable_irq_qregs_01100011000001_l32_w2_icache_multiword_lookahead,1,1,1,3526,5053,701,0,667,18.55,13,4219,5280,79,8,30,26,0,8,0,24,96,25,1,1,100,8,8,100,0,1,1,0,0,0,1,1,0,0,0,0,0,1,32,2,icache_multiword_lookahead,0
enable_mul_enable_div_two_cycle_alu_enable_regs_dualport_enable_irq_qregs_01100011000001_l32_w4_icache_multiword_lookahead,1,1,1,3491,5053,1534,0,667,19.53,14,4189,5280,79,8,30,26,0,8,0,24,96,25,1,1,100,8,8,100,0,1,1,0,0,0,1,1,0,0,0,0,0,1,32,4,icache_multiword_lookahead,0
enable_mul_enable_div_two_cycle_alu_enable_regs_dualport_enable_irq_qregs_01100011000001_l32_w8_icache_multiword_lookahead,1,1,1,3533,5055,703,0,668,17.74,15,4232,5280,80,8,30,26,0,8,0,24,96,25,1,1,100,8,8,100,0,1,1,0,0,0,1,1,0,0,0,0,0,1,32,8,icache_multiword_lookahead,0
enable_mul_enable_div_two_cycle_alu_enable_regs_dualport_enable_irq_qregs_01100011000001_l32_w16_icache_multiword_lookahead,1,1,1,3499,4335,726,0,668,18.55,14,4202,5280,79,10,30,33,0,8,0,24,96,25,1,1,100,8,8,100,0,1,1,0,0,0,1,1,0,0,0,0,0,1,32,16,icache_multiword_lookahead,0
enable_mul_enable_div_two_cycle_alu_enable_regs_dualport_enable_irq_qregs_01100011000001_l64_w1_icache_multiword_lookahead,1,1,1,3626,5156,128,0,667,17.83,13,4327,5280,81,8,30,26,0,8,0,24,96,25,1,1,100,8,8,100,0,1,1,0,0,0,1,1,0,0,0,0,0,1,64,1,icache_multiword_lookahead,0
enable_mul_enable_div_two_cycle_alu_enable_regs_dualport_enable_irq_qregs_01100011000001_l64_w2_icache_multiword_lookahead,1,1,1,3586,4432,722,0,667,18.52,14,4282,5280,81,8,30,26,0,8,0,24,96,25,1,1,100,8,8,100,0,1,1,0,0,0,1,1,0,0,0,0,0,1,64,2,icache_multiword_lookahead,0
enable_mul_enable_div_two_cycle_alu_enable_regs_dualport_enable_irq_qregs_01100011000001_l64_w4_icache_multiword_lookahead,1,1,1,3518,5146,128,0,667,18.97,14,4216,5280,79,8,30,26,0,8,0,24,96,25,1,1,100,8,8,100,0,1,1,0,0,0,1,1,0,0,0,0,0,1,64,4,icache_multiword_lookahead,0
enable_mul_enable_div_two_cycle_alu_enable_regs_dualport_enable_irq_qregs_01100011000001_l64_w8_icache_multiword_lookahead,1,1,1,3582,4428,4,0,668,20.08,13,4279,5280,81,10,30,33,0,8,0,24,96,25,1,1,100,8,8,100,0,1,1,0,0,0,1,1,0,0,0,0,0,1,64,8,icache_multiword_lookahead,0
enable_mul_enable_div_two_cycle_alu_enable_regs_dualport_enable_irq_qregs_01100011000001_l64_w16_icache_multiword_lookahead,1,1,1,3527,4432,725,0,670,18.29,15,4226,5280,80,14,30,46,0,8,0,24,96,25,1,1,100,8,8,100,0,1,1,0,0,0,1,1,0,0,0,0,0,1,64,16,icache_multiword_lookahead,0
enable_mul_enable_div_two_cycle_alu_enable_regs_dualport_enable_irq_qregs_01100011000001_l128_w1_icache_multiword_lookahead,1,1,1,3753,5421,1632,0,667,18.58,14,4453,5280,84,8,30,26,0,8,0,24,96,25,1,1,100,8,8,100,0,1,1,0,0,0,1,1,0,0,0,0,0,1,128,1,icache_multiword_lookahead,0
enable_mul_enable_div_two_cycle_alu_enable_regs_dualport_enable_irq_qregs_01100011000001_l128_w2_icache_multiword_lookahead,1,1,1,3726,5410,1628,0,667,18.35,14,4424,5280,83,8,30,26,0,8,0,24,96,25,1,1,100,8,8,100,0,1,1,0,0,0,1,1,0,0,0,0,0,1,128,2,icache_multiword_lookahead,0
enable_mul_enable_div_two_cycle_alu_enable_regs_dualport_enable_irq_qregs_01100011000001_l128_w4_icache_multiword_lookahead,1,1,1,3698,5433,6,0,667,19.38,14,4394,5280,83,10,30,33,0,8,0,24,96,25,1,1,100,8,8,100,0,1,1,0,0,0,1,1,0,0,0,0,0,1,128,4,icache_multiword_lookahead,0
enable_mul_enable_div_two_cycle_alu_enable_regs_dualport_enable_irq_qregs_01100011000001_l128_w8_icache_multiword_lookahead,1,1,1,3686,4837,6,0,669,19.22,13,4383,5280,83,14,30,46,0,8,0,24,96,25,1,1,100,8,8,100,0,1,1,0,0,0,1,1,0,0,0,0,0,1,128,8,icache_multiword_lookahead,0
enable_mul_enable_div_two_cycle_alu_enable_regs_dualport_enable_irq_qregs_01100011000001_l128_w16_icache_multiword_lookahead,1,1,1,3733,5567,1628,0,668,19.42,14,4428,5280,83,22,30,73,0,8,0,24,96,25,1,1,100,8,8,100,0,1,1,0,0,0,1,1,0,0,0,0,0,1,128,16,icache_multiword_lookahead,0
barrel_shifter_enable_mul_enable_div_enable_regs_dualport_11100001000000_l16_w1_icache_multiword_lookahead,1,1,1,3640,4922,4,0,685,17.78,22,4362,5280,82,8,30,26,0,8,0,24,96,25,1,1,100,8,8,100,1,1,1,0,0,0,0,1,0,0,0,0,0,0,16,1,icache_multiword_lookahead,0
barrel_shifter_enable_mul_enable_div_enable_regs_dualport_11100001000000_l16_w2_icache_multiword_lookahead,1,1,1,3624,4912,4,0,685,19.42,14,4345,5280,82,8,30,26,0,8,0,24,96,25,1,1,100,8,8,100,1,1,1,0,0,0,0,1,0,0,0,0,0,0,16,2,icache_multiword_lookahead,0
barrel_shifter_enable_mul_enable_div_enable_regs_dualport_11100001000000_l16_w4_icache_multiword_lookahead,1,1,1,3618,4912,4,0,685,18.6,14,4334,5280,82,8,30,26,0,8,0,24,96,25,1,1,100,8,8,100,1,1,1,0,0,0,0,1,0,0,0,0,0,0,16,4,icache_multiword_lookahead,0
barrel_shifter_enable_mul_enable_div_enable_regs_dualport_11100001000000_l16_w8_icache_multiword_lookahead,1,1,1,3609,4914,4,0,666,19.22,14,4306,5280,81,8,30,26,0,8,0,24,96,25,1,1,100,8,8,100,1,1,1,0,0,0,0,1,0,0,0,0,0,0,16,8,icache_multiword_lookahead,0
barrel_shifter_enable_mul_enable_div_enable_regs_dualport_11100001000000_l16_w16_icache_multiword_lookahead,1,1,1,3625,4915,4,0,667,18.63,13,4323,5280,81,8,30,26,0,8,0,24,96,25,1,1,100,8,8,100,1,1,1,0,0,0,0,1,0,0,0,0,0,0,16,16,icache_multiword_lookahead,0
barrel_shifter_enable_mul_enable_div_enable_regs_dualport_11100001000000_l32_w1_icache_multiword_lookahead,1,1,1,3673,4967,1495,0,685,18.72,14,4399,5280,83,8,30,26,0,8,0,24,96,25,1,1,100,8,8,100,1,1,1,0,0,0,0,1,0,0,0,0,0,0,32,1,icache_multiword_lookahead,0
barrel_shifter_enable_mul_enable_div_enable_regs_dualport_11100001000000_l32_w2_icache_multiword_lookahead,1,1,1,3659,4957,1491,0,685,19.37,13,4380,5280,82,8,30,26,0,8,0,24,96,25,1,1,100,8,8,100,1,1,1,0,0,0,0,1,0,0,0,0,0,0,32,2,icache_multiword_lookahead,0
barrel_shifter_enable_mul_enable_div_enable_regs_dualport_11100001000000_l32_w4_icache_multiword_lookahead,1,1,1,3690,4957,701,0,684,18.08,14,4404,5280,83,8,30,26,0,8,0,24,96,25,1,1,100,8,8,100,1,1,1,0,0,0,0,1,0,0,0,0,0,0,32,4,icache_multiword_lookahead,0
barrel_shifter_enable_mul_enable_div_enable_regs_dualport_11100001000000_l32_w8_icache_multiword_lookahead,1,1,1,3623,4959,1491,0,666,19.22,13,4311,5280,81,8,30,26,0,8,0,24,96,25,1,1,100,8,8,100,1,1,1,0,0,0,0,1,0,0,0,0,0,0,32,8,icache_multiword_lookahead,0
barrel_shifter_enable_mul_enable_div_enable_regs_dualport_11100001000000_l32_w16_icache_multiword_lookahead,1,1,1,3675,4245,1491,0,686,19.5,13,4391,5280,83,10,30,33,0,8,0,24,96,25,1,1,100,8,8,100,1,1,1,0,0,0,0,1,0,0,0,0,0,0,32,16,icache_multiword_lookahead,0
barrel_shifter_enable_mul_enable_div_enable_regs_dualport_11100001000000_l64_w1_icache_multiword_lookahead,1,1,1,3749,4472,733,0,685,18.81,13,4472,5280,84,8,30,26,0,8,0,24,96,25,1,1,100,8,8,100,1,1,1,0,0,0,0,1,0,0,0,0,0,0,64,1,icache_multiword_lookahead,0
barrel_shifter_enable_mul_enable_div_enable_regs_dualport_11100001000000_l64_w2_icache_multiword_lookahead,1,1,1,3744,4350,732,0,685,17.6,14,4463,5280,84,8,30,26,0,8,0,24,96,25,1,1,100,8,8,100,1,1,1,0,0,0,0,1,0,0,0,0,0,0,64,2,icache_multiword_lookahead,0
barrel_shifter_enable_mul_enable_div_enable_regs_dualport_11100001000000_l64_w4_icache_multiword_lookahead,1,1,1,3675,4422,733,0,665,18.85,13,4367,5280,82,8,30,26,0,8,0,24,96,25,1,1,100,8,8,100,1,1,1,0,0,0,0,1,0,0,0,0,0,0,64,4,icache_multiword_lookahead,0
barrel_shifter_enable_mul_enable_div_enable_regs_dualport_11100001000000_l64_w8_icache_multiword_lookahead,1,1,1,3759,4444,1522,0,686,18.24,14,4470,5280,84,10,30,33,0,8,0,24,96,25,1,1,100,8,8,100,1,1,1,0,0,0,0,1,0,0,0,0,0,0,64,8,icache_multiword_lookahead,0
barrel_shifter_enable_mul_enable_div_enable_regs_dualport_11100001000000_l64_w16_icache_multiword_lookahead,1,1,1,3675,4362,801,0,666,19.5,14,4366,5280,82,14,30,46,0,8,0,24,96,25,1,1,100,8,8,100,1,1,1,0,0,0,0,1,0,0,0,0,0,0,64,16,icache_multiword_lookahead,0
barrel_shifter_enable_mul_enable_div_enable_regs_dualport_11100001000000_l128_w1_icache_multiword_lookahead,1,1,1,3888,4541,128,0,685,18.31,14,4611,5280,87,8,30,26,0,8,0,24,96,25,1,1,100,8,8,100,1,1,1,0,0,0,0,1,0,0,0,0,0,0,128,1,icache_multiword_lookahead,0
barrel_shifter_enable_mul_enable_div_enable_regs_dualport_11100001000000_l128_w2_icache_multiword_lookahead,1,1,1,3851,5319,4,0,665,19.1,13,4541,5280,86,8,30,26,0,8,0,24,96,25,1,1,100,8,8,100,1,1,1,0,0,0,0,1,0,0,0,0,0,0,128,2,icache_multiword_lookahead,0
barrel_shifter_enable_mul_enable_div_enable_regs_dualport_11100001000000_l128_w4_icache_multiword_lookahead,1,1,1,3879,4529,160,0,685,19.23,14,4592,5280,86,10,30,33,0,8,0,24,96,25,1,1,100,8,8,100,1,1,1,0,0,0,0,1,0,0,0,0,0,0,128,4,icache_multiword_lookahead,0
barrel_shifter_enable_mul_enable_div_enable_regs_dualport_11100001000000_l128_w8_icache_multiword_lookahead,1,1,1,3875,4529,224,0,666,18.04,14,4564,5280,86,14,30,46,0,8,0,24,96,25,1,1,100,8,8,100,1,1,1,0,0,0,0,1,0,0,0,0,0,0,128,8,icache_multiword_lookahead,0
barrel_shifter_enable_mul_enable_div_enable_regs_dualport_11100001000000_l128_w16_icache_multiword_lookahead,1,1,1,3871,4529,352,0,666,19.53,13,4559,5280,86,22,30,73,0,8,0,24,96,25,1,1,100,8,8,100,1,1,1,0,0,0,0,1,0,0,0,0,0,0,128,16,icache_multiword_lookahead,0
barrel_shifter_enable_mul_enable_div_enable_regs_dualport_enable_irq_qregs_11100001000001_l16_w1_icache_multiword_lookahead,1,1,1,3665,4922,4,0,685,19.17,13,4384,5280,83,8,30,26,0,8,0,24,96,25,1,1,100,8,8,100,1,1,1,0,0,0,0,1,0,0,0,0,0,1,16,1,icache_multiword_lookahead,0
barrel_shifter_enable_mul_enable_div_enable_regs_dualport_enable_irq_qregs_11100001000001_l16_w2_icache_multiword_lookahead,1,1,1,3620,4912,4,0,685,19.38,13,4340,5280,82,8,30,26,0,8,0,24,96,25,1,1,100,8,8,100,1,1,1,0,0,0,0,1,0,0,0,0,0,1,16,2,icache_multiword_lookahead,0
barrel_shifter_enable_mul_enable_div_enable_regs_dualport_enable_irq_qregs_11100001000001_l16_w4_icache_multiword_lookahead,1,1,1,3603,4912,4,0,684,19.03,14,4322,5280,81,8,30,26,0,8,0,24,96,25,1,1,100,8,8,100,1,1,1,0,0,0,0,1,0,0,0,0,0,1,16,4,icache_multiword_lookahead,0
barrel_shifter_enable_mul_enable_div_enable_regs_dualport_enable_irq_qregs_11100001000001_l16_w8_icache_multiword_lookahead,1,1,1,3626,4914,4,0,666,17.9,15,4320,5280,81,8,30,26,0,8,0,24,96,25,1,1,100,8,8,100,1,1,1,0,0,0,0,1,0,0,0,0,0,1,16,8,icache_multiword_lookahead,0
barrel_shifter_enable_mul_enable_div_enable_regs_dualport_enable_irq_qregs_11100001000001_l16_w16_icache_multiword_lookahead,1,1,1,3605,4915,4,0,666,19.7,13,4301,5280,81,8,30,26,0,8,0,24,96,25,1,1,100,8,8,100,1,1,1,0,0,0,0,1,0,0,0,0,0,1,16,16,icache_multiword_lookahead,0
barrel_shifter_enable_mul_enable_div_enable_regs_dualport_enable_irq_qregs_11100001000001_l32_w1_icache_multiword_lookahead,1,1,1,3679,4967,1495,0,685,19.32,13,4396,5280,83,8,30,26,0,8,0,24,96,25,1,1,100,8,8,100,1,1,1,0,0,0,0,1,0,0,0,0,0,1,32,1,icache_multiword_lookahead,0
barrel_shifter_enable_mul_enable_div_enable_regs_dualport_enable_irq_qregs_11100001000001_l32_w2_icache_multiword_lookahead,1,1,1,3662,4957,1491,0,685,18.23,13,4384,5280,83,8,30,26,0,8,0,24,96,25,1,1,100,8,8,100,1,1,1,0,0,0,0,1,0,0,0,0,0,1,32,2,icache_multiword_lookahead,0
barrel_shifter_enable_mul_enable_div_enable_regs_dualport_enable_irq_qregs_11100001000001_l32_w4_icache_multiword_lookahead,1,1,1,3654,4957,701,0,684,17.65,14,4369,5280,82,8,30,26,0,8,0,24,96,25,1,1,100,8,8,100,1,1,1,0,0,0,0,1,0,0,0,0,0,1,32,4,icache_multiword_lookahead,0
barrel_shifter_enable_mul_enable_div_enable_regs_dualport_enable_irq_qregs_11100001000001_l32_w8_icache_multiword_lookahead,1,1,1,3652,4959,1491,0,666,19.09,13,4346,5280,82,8,30,26,0,8,0,24,96,25,1,1,100,8,8,100,1,1,1,0,0,0,0,1,0,0,0,0,0,1,32,8,icache_multiword_lookahead,0
barrel_shifter_enable_mul_enable_div_enable_regs_dualport_enable_irq_qregs_11100001000001_l32_w16_icache_multiword_lookahead,1,1,1,3658,4960,1491,0,686,18.06,14,4376,5280,82,10,30,33,0,8,0,24,96,25,1,1,100,8,8,100,1,1,1,0,0,0,0,1,0,0,0,0,0,1,32,16,icache_multiword_lookahead,0
barrel_shifter_enable_mul_enable_div_enable_regs_dualport_enable_irq_qregs_11100001000001_l64_w1_icache_multiword_lookahead,1,1,1,3742,4472,733,0,684,18.55,14,4456,5280,84,8,30,26,0,8,0,24,96,25,1,1,100,8,8,100,1,1,1,0,0,0,0,1,0,0,0,0,0,1,64,1,icache_multiword_lookahead,0
barrel_shifter_enable_mul_enable_div_enable_regs_dualport_enable_irq_qregs_11100001000001_l64_w2_icache_multiword_lookahead,1,1,1,3702,4350,732,0,685,18.64,13,4420,5280,83,8,30,26,0,8,0,24,96,25,1,1,100,8,8,100,1,1,1,0,0,0,0,1,0,0,0,0,0,1,64,2,icache_multiword_lookahead,0
barrel_shifter_enable_mul_enable_div_enable_regs_dualport_enable_irq_qregs_11100001000001_l64_w4_icache_multiword_lookahead,1,1,1,3688,4342,733,0,664,19.33,13,4383,5280,83,8,30,26,0,8,0,24,96,25,1,1,100,8,8,100,1,1,1,0,0,0,0,1,0,0,0,0,0,1,64,4,icache_multiword_lookahead,0
barrel_shifter_enable_mul_enable_div_enable_regs_dualport_enable_irq_qregs_11100001000001_l64_w8_icache_multiword_lookahead,1,1,1,3699,4494,1522,0,686,18.1,14,4419,5280,83,10,30,33,0,8,0,24,96,25,1,1,100,8,8,100,1,1,1,0,0,0,0,1,0,0,0,0,0,1,64,8,icache_multiword_lookahead,0
barrel_shifter_enable_mul_enable_div_enable_regs_dualport_enable_irq_qregs_11100001000001_l64_w16_icache_multiword_lookahead,1,1,1,3696,4558,801,0,667,19.22,14,4389,5280,83,14,30,46,0,8,0,24,96,25,1,1,100,8,8,100,1,1,1,0,0,0,0,1,0,0,0,0,0,1,64,16,icache_multiword_lookahead,0
barrel_shifter_enable_mul_enable_div_enable_regs_dualport_enable_irq_qregs_11100001000001_l128_w1_icache_multiword_lookahead,1,1,1,3946,4661,16,0,685,16.88,15,4664,5280,88,8,30,26,0,8,0,24,96,25,1,1,100,8,8,100,1,1,1,0,0,0,0,1,0,0,0,0,0,1,128,1,icache_multiword_lookahead,0
barrel_shifter_enable_mul_enable_div_enable_regs_dualport_enable_irq_qregs_11100001000001_l128_w2_icache_multiword_lookahead,1,1,1,3868,5319,4,0,665,17.43,14,4561,5280,86,8,30,26,0,8,0,24,96,25,1,1,100,8,8,100,1,1,1,0,0,0,0,1,0,0,0,0,0,1,128,2,icache_multiword_lookahead,0
barrel_shifter_enable_mul_enable_div_enable_regs_dualport_enable_irq_qregs_11100001000001_l128_w4_icache_multiword_lookahead,1,1,1,3921,4529,160,0,684,17.78,15,4632,5280,87,10,30,33,0,8,0,24,96,25,1,1,100,8,8,100,1,1,1,0,0,0,0,1,0,0,0,0,0,1,128,4,icache_multiword_lookahead,0
barrel_shifter_enable_mul_enable_div_enable_regs_dualport_enable_irq_qregs_11100001000001_l128_w8_icache_multiword_lookahead,1,1,1,3870,4529,4,0,666,18.33,15,4564,5280,86,14,30,46,0,8,0,24,96,25,1,1,100,8,8,100,1,1,1,0,0,0,0,1,0,0,0,0,0,1,128,8,icache_multiword_lookahead,0
barrel_shifter_enable_mul_enable_div_enable_regs_dualport_enable_irq_qregs_11100001000001_l128_w16_icache_multiword_lookahead,1,1,1,3876,4529,352,0,666,19.07,14,4569,5280,86,22,30,73,0,8,0,24,96,25,1,1,100,8,8,100,1,1,1,0,0,0,0,1,0,0,0,0,0,1,128,16,icache_multiword_lookahead,0
barrel_shifter_enable_mul_enable_div_two_cycle_alu_enable_regs_dualport_11100011000000_l16_w1_icache_multiword_lookahead,1,1,1,3714,5139,1580,0,685,18.1,14,4457,5280,84,8,30,26,0,8,0,24,96,25,1,1,100,8,8,100,1,1,1,0,0,0,1,1,0,0,0,0,0,0,16,1,icache_multiword_lookahead,0
barrel_shifter_enable_mul_enable_div_two_cycle_alu_enable_regs_dualport_11100011000000_l16_w2_icache_multiword_lookahead,1,1,1,3667,5129,1576,0,685,18.34,13,4405,5280,83,8,30,26,0,8,0,24,96,25,1,1,100,8,8,100,1,1,1,0,0,0,1,1,0,0,0,0,0,0,16,2,icache_multiword_lookahead,0
barrel_shifter_enable_mul_enable_div_two_cycle_alu_enable_regs_dualport_11100011000000_l16_w4_icache_multiword_lookahead,1,1,1,3684,5129,1576,0,684,19.02,13,4419,5280,83,8,30,26,0,8,0,24,96,25,1,1,100,8,8,100,1,1,1,0,0,0,1,1,0,0,0,0,0,0,16,4,icache_multiword_lookahead,0
barrel_shifter_enable_mul_enable_div_two_cycle_alu_enable_regs_dualport_11100011000000_l16_w8_icache_multiword_lookahead,1,1,1,3676,5131,1576,0,686,19,13,4414,5280,83,8,30,26,0,8,0,24,96,25,1,1,100,8,8,100,1,1,1,0,0,0,1,1,0,0,0,0,0,0,16,8,icache_multiword_lookahead,0
barrel_shifter_enable_mul_enable_div_two_cycle_alu_enable_regs_dualport_11100011000000_l16_w16_icache_multiword_lookahead,1,1,1,3721,5132,1576,0,686,18.9,12,4455,5280,84,8,30,26,0,8,0,24,96,25,1,1,100,8,8,100,1,1,1,0,0,0,1,1,0,0,0,0,0,0,16,16,icache_multiword_lookahead,0
barrel_shifter_enable_mul_enable_div_two_cycle_alu_enable_regs_dualport_11100011000000_l32_w1_icache_multiword_lookahead,1,1,1,3773,5184,1595,0,685,18.51,14,4507,5280,85,8,30,26,0,8,0,24,96,25,1,1,100,8,8,100,1,1,1,0,0,0,1,1,0,0,0,0,0,0,32,1,icache_multiword_lookahead,0
barrel_shifter_enable_mul_enable_div_two_cycle_alu_enable_regs_dualport_11100011000000_l32_w2_icache_multiword_lookahead,1,1,1,3736,5174,1591,0,685,17.92,13,4467,5280,84,8,30,26,0,8,0,24,96,25,1,1,100,8,8,100,1,1,1,0,0,0,1,1,0,0,0,0,0,0,32,2,icache_multiword_lookahead,0
barrel_shifter_enable_mul_enable_div_two_cycle_alu_enable_regs_dualport_11100011000000_l32_w4_icache_multiword_lookahead,1,1,1,3729,5174,1591,0,684,19.25,14,4461,5280,84,8,30,26,0,8,0,24,96,25,1,1,100,8,8,100,1,1,1,0,0,0,1,1,0,0,0,0,0,0,32,4,icache_multiword_lookahead,0
barrel_shifter_enable_mul_enable_div_two_cycle_alu_enable_regs_dualport_11100011000000_l32_w8_icache_multiword_lookahead,1,1,1,3686,5176,1591,0,686,18.94,14,4425,5280,83,8,30,26,0,8,0,24,96,25,1,1,100,8,8,100,1,1,1,0,0,0,1,1,0,0,0,0,0,0,32,8,icache_multiword_lookahead,0
barrel_shifter_enable_mul_enable_div_two_cycle_alu_enable_regs_dualport_11100011000000_l32_w16_icache_multiword_lookahead,1,1,1,3690,5177,1591,0,686,19.18,14,4426,5280,83,10,30,33,0,8,0,24,96,25,1,1,100,8,8,100,1,1,1,0,0,0,1,1,0,0,0,0,0,0,32,16,icache_multiword_lookahead,0
barrel_shifter_enable_mul_enable_div_two_cycle_alu_enable_regs_dualport_11100011000000_l64_w1_icache_multiword_lookahead,1,1,1,3794,4569,16,0,685,18.37,14,4529,5280,85,8,30,26,0,8,0,24,96,25,1,1,100,8,8,100,1,1,1,0,0,0,1,1,0,0,0,0,0,0,64,1,icache_multiword_lookahead,0
barrel_shifter_enable_mul_enable_div_two_cycle_alu_enable_regs_dualport_11100011000000_l64_w2_icache_multiword_lookahead,1,1,1,3850,4559,1622,0,685,19.38,13,4584,5280,86,8,30,26,0,8,0,24,96,25,1,1,100,8,8,100,1,1,1,0,0,0,1,1,0,0,0,0,0,0,64,2,icache_multiword_lookahead,0
barrel_shifter_enable_mul_enable_div_two_cycle_alu_enable_regs_dualport_11100011000000_l64_w4_icache_multiword_lookahead,1,1,1,3797,4559,128,0,684,18,14,4532,5280,85,8,30,26,0,8,0,24,96,25,1,1,100,8,8,100,1,1,1,0,0,0,1,1,0,0,0,0,0,0,64,4,icache_multiword_lookahead,0
barrel_shifter_enable_mul_enable_div_two_cycle_alu_enable_regs_dualport_11100011000000_l64_w8_icache_multiword_lookahead,1,1,1,3722,4557,718,0,686,18.4,14,4460,5280,84,10,30,33,0,8,0,24,96,25,1,1,100,8,8,100,1,1,1,0,0,0,1,1,0,0,0,0,0,0,64,8,icache_multiword_lookahead,0
barrel_shifter_enable_mul_enable_div_two_cycle_alu_enable_regs_dualport_11100011000000_l64_w16_icache_multiword_lookahead,1,1,1,3806,4557,719,0,686,18.89,13,4534,5280,85,14,30,46,0,8,0,24,96,25,1,1,100,8,8,100,1,1,1,0,0,0,1,1,0,0,0,0,0,0,64,16,icache_multiword_lookahead,0
barrel_shifter_enable_mul_enable_div_two_cycle_alu_enable_regs_dualport_11100011000000_l128_w1_icache_multiword_lookahead,1,1,1,3950,4766,4,0,685,18.31,14,4684,5280,88,8,30,26,0,8,0,24,96,25,1,1,100,8,8,100,1,1,1,0,0,0,1,1,0,0,0,0,0,0,128,1,icache_multiword_lookahead,0
barrel_shifter_enable_mul_enable_div_two_cycle_alu_enable_regs_dualport_11100011000000_l128_w2_icache_multiword_lookahead,1,1,1,3960,4748,128,0,685,18.75,13,4697,5280,88,8,30,26,0,8,0,24,96,25,1,1,100,8,8,100,1,1,1,0,0,0,1,1,0,0,0,0,0,0,128,2,icache_multiword_lookahead,0
barrel_shifter_enable_mul_enable_div_two_cycle_alu_enable_regs_dualport_11100011000000_l128_w4_icache_multiword_lookahead,1,1,1,3967,4900,4,0,685,18.65,12,4701,5280,89,10,30,33,0,8,0,24,96,25,1,1,100,8,8,100,1,1,1,0,0,0,1,1,0,0,0,0,0,0,128,4,icache_multiword_lookahead,0
barrel_shifter_enable_mul_enable_div_two_cycle_alu_enable_regs_dualport_11100011000000_l128_w8_icache_multiword_lookahead,1,1,1,3952,4768,224,0,686,19.43,13,4680,5280,88,14,30,46,0,8,0,24,96,25,1,1,100,8,8,100,1,1,1,0,0,0,1,1,0,0,0,0,0,0,128,8,icache_multiword_lookahead,0
barrel_shifter_enable_mul_enable_div_two_cycle_alu_enable_regs_dualport_11100011000000_l128_w16_icache_multiword_lookahead,1,1,1,3904,5092,4,0,686,18.34,13,4634,5280,87,22,30,73,0,8,0,24,96,25,1,1,100,8,8,100,1,1,1,0,0,0,1,1,0,0,0,0,0,0,128,16,icache_multiword_lookahead,0
barrel_shifter_enable_mul_enable_div_two_cycle_alu_enable_regs_dualport_enable_irq_qregs_11100011000001_l16_w1_icache_multiword_lookahead,1,1,1,3695,5139,1580,0,685,18.59,14,4432,5280,83,8,30,26,0,8,0,24,96,25,1,1,100,8,8,100,1,1,1,0,0,0,1,1,0,0,0,0,0,1,16,1,icache_multiword_lookahead,0
barrel_shifter_enable_mul_enable_div_two_cycle_alu_enable_regs_dualport_enable_irq_qregs_11100011000001_l16_w2_icache_multiword_lookahead,1,1,1,3683,5129,1576,0,685,19.16,13,4421,5280,83,8,30,26,0,8,0,24,96,25,1,1,100,8,8,100,1,1,1,0,0,0,1,1,0,0,0,0,0,1,16,2,icache_multiword_lookahead,0
barrel_shifter_enable_mul_enable_div_two_cycle_alu_enable_regs_dualport_enable_irq_qregs_11100011000001_l16_w4_icache_multiword_lookahead,1,1,1,3677,5129,1576,0,684,18.33,14,4412,5280,83,8,30,26,0,8,0,24,96,25,1,1,100,8,8,100,1,1,1,0,0,0,1,1,0,0,0,0,0,1,16,4,icache_multiword_lookahead,0
barrel_shifter_enable_mul_enable_div_two_cycle_alu_enable_regs_dualport_enable_irq_qregs_11100011000001_l16_w8_icache_multiword_lookahead,1,1,1,3713,5131,1576,0,686,17.68,14,4447,5280,84,8,30,26,0,8,0,24,96,25,1,1,100,8,8,100,1,1,1,0,0,0,1,1,0,0,0,0,0,1,16,8,icache_multiword_lookahead,0
barrel_shifter_enable_mul_enable_div_two_cycle_alu_enable_regs_dualport_enable_irq_qregs_11100011000001_l16_w16_icache_multiword_lookahead,1,1,1,3689,5132,1576,0,686,18.13,14,4426,5280,83,8,30,26,0,8,0,24,96,25,1,1,100,8,8,100,1,1,1,0,0,0,1,1,0,0,0,0,0,1,16,16,icache_multiword_lookahead,0
barrel_shifter_enable_mul_enable_div_two_cycle_alu_enable_regs_dualport_enable_irq_qregs_11100011000001_l32_w1_icache_multiword_lookahead,1,1,1,3724,5184,1595,0,685,19.47,14,4462,5280,84,8,30,26,0,8,0,24,96,25,1,1,100,8,8,100,1,1,1,0,0,0,1,1,0,0,0,0,0,1,32,1,icache_multiword_lookahead,0
barrel_shifter_enable_mul_enable_div_two_cycle_alu_enable_regs_dualport_enable_irq_qregs_11100011000001_l32_w2_icache_multiword_lookahead,1,1,1,3702,5174,1591,0,685,18.92,14,4443,5280,84,8,30,26,0,8,0,24,96,25,1,1,100,8,8,100,1,1,1,0,0,0,1,1,0,0,0,0,0,1,32,2,icache_multiword_lookahead,0
barrel_shifter_enable_mul_enable_div_two_cycle_alu_enable_regs_dualport_enable_irq_qregs_11100011000001_l32_w4_icache_multiword_lookahead,1,1,1,3708,5174,1591,0,684,19.82,13,4447,5280,84,8,30,26,0,8,0,24,96,25,1,1,100,8,8,100,1,1,1,0,0,0,1,1,0,0,0,0,0,1,32,4,icache_multiword_lookahead,0
barrel_shifter_enable_mul_enable_div_two_cycle_alu_enable_regs_dualport_enable_irq_qregs_11100011000001_l32_w8_icache_multiword_lookahead,1,1,1,3720,5176,1591,0,686,18.87,13,4456,5280,84,8,30,26,0,8,0,24,96,25,1,1,100,8,8,100,1,1,1,0,0,0,1,1,0,0,0,0,0,1,32,8,icache_multiword_lookahead,0
barrel_shifter_enable_mul_enable_div_two_cycle_alu_enable_regs_dualport_enable_irq_qregs_11100011000001_l32_w16_icache_multiword_lookahead,1,1,1,3693,5177,1591,0,687,19.33,14,4433,5280,83,10,30,33,0,8,0,24,96,25,1,1,100,8,8,100,1,1,1,0,0,0,1,1,0,0,0,0,0,1,32,16,icache_multiword_lookahead,0
barrel_shifter_enable_mul_enable_div_two_cycle_alu_enable_regs_dualport_enable_irq_qregs_11100011000001_l64_w1_icache_multiword_lookahead,1,1,1,3795,4569,1626,0,685,18.67,13,4532,5280,85,8,30,26,0,8,0,24,96,25,1,1,100,8,8,100,1,1,1,0,0,0,1,1,0,0,0,0,0,1,64,1,icache_multiword_lookahead,0
barrel_shifter_enable_mul_enable_div_two_cycle_alu_enable_regs_dualport_enable_irq_qregs_11100011000001_l64_w2_icache_multiword_lookahead,1,1,1,3840,4559,1622,0,685,18.69,14,4572,5280,86,8,30,26,0,8,0,24,96,25,1,1,100,8,8,100,1,1,1,0,0,0,1,1,0,0,0,0,0,1,64,2,icache_multiword_lookahead,0
barrel_shifter_enable_mul_enable_div_two_cycle_alu_enable_regs_dualport_enable_irq_qregs_11100011000001_l64_w4_icache_multiword_lookahead,1,1,1,3764,4559,16,0,684,18.64,13,4498,5280,85,8,30,26,0,8,0,24,96,25,1,1,100,8,8,100,1,1,1,0,0,0,1,1,0,0,0,0,0,1,64,4,icache_multiword_lookahead,0
barrel_shifter_enable_mul_enable_div_two_cycle_alu_enable_regs_dualport_enable_irq_qregs_11100011000001_l64_w8_icache_multiword_lookahead,1,1,1,3798,4711,718,0,686,18.7,13,4531,5280,85,10,30,33,0,8,0,24,96,25,1,1,100,8,8,100,1,1,1,0,0,0,1,1,0,0,0,0,0,1,64,8,icache_multiword_lookahead,0
barrel_shifter_enable_mul_enable_div_two_cycle_alu_enable_regs_dualport_enable_irq_qregs_11100011000001_l64_w16_icache_multiword_lookahead,1,1,1,3832,4557,719,0,686,19.47,13,4561,5280,86,14,30,46,0,8,0,24,96,25,1,1,100,8,8,100,1,1,1,0,0,0,1,1,0,0,0,0,0,1,64,16,icache_multiword_lookahead,0
barrel_shifter_enable_mul_enable_div_two_cycle_alu_enable_regs_dualport_enable_irq_qregs_11100011000001_l128_w1_icache_multiword_lookahead,1,1,1,3998,4838,814,0,685,17.85,14,4737,5280,89,8,30,26,0,8,0,24,96,25,1,1,100,8,8,100,1,1,1,0,0,0,1,1,0,0,0,0,0,1,128,1,icache_multiword_lookahead,0
barrel_shifter_enable_mul_enable_div_two_cycle_alu_enable_regs_dualport_enable_irq_qregs_11100011000001_l128_w2_icache_multiword_lookahead,1,1,1,3928,4748,88,0,685,19.15,13,4662,5280,88,8,30,26,0,8,0,24,96,25,1,1,100,8,8,100,1,1,1,0,0,0,1,1,0,0,0,0,0,1,128,2,icache_multiword_lookahead,0
barrel_shifter_enable_mul_enable_div_two_cycle_alu_enable_regs_dualport_enable_irq_qregs_11100011000001_l128_w4_icache_multiword_lookahead,1,1,1,3920,4750,4,0,684,18.54,13,4648,5280,88,10,30,33,0,8,0,24,96,25,1,1,100,8,8,100,1,1,1,0,0,0,1,1,0,0,0,0,0,1,128,4,icache_multiword_lookahead,0
barrel_shifter_enable_mul_enable_div_two_cycle_alu_enable_regs_dualport_enable_irq_qregs_11100011000001_l128_w8_icache_multiword_lookahead,1,1,1,3889,4768,4,0,686,19.61,13,4625,5280,87,14,30,46,0,8,0,24,96,25,1,1,100,8,8,100,1,1,1,0,0,0,1,1,0,0,0,0,0,1,128,8,icache_multiword_lookahead,0
barrel_shifter_enable_mul_enable_div_two_cycle_alu_enable_regs_dualport_enable_irq_qregs_11100011000001_l128_w16_icache_multiword_lookahead,1,1,1,3933,4784,4,0,687,18.93,14,4668,5280,88,22,30,73,0,8,0,24,96,25,1,1,100,8,8,100,1,1,1,0,0,0,1,1,0,0,0,0,0,1,128,16,icache_multiword_lookahead,0
